"Biden: COVID-19 'Probably Here To Stay' In The World", "Reporter, HuffPost//Reporter, HuffPost//President Joe Biden is telling Americans life with COVID-19 is going to get better but the virus is likely â€œhere to stay,â€ as the latest variant registers record high infection rates in the United States.//â€œHaving COVID in the environment and in the world is probably here to stay, but COVID as weâ€™re dealing with it now is not here to stay,â€ Biden said Friday when asked if he thought COVID-19 would be in peopleâ€™s lives forever. â€œWe are going to be able to control this. The new normal is not going to be what it is now. Itâ€™s going to be better.â€//The nation is seeing record high cases as the highly contagious omicron strain rips through communities. The United States recorded about 1 million new cases a day this week â€” more than any other country in the world has reported. Hospitalization rates have also reached new heights, overwhelming medical providers, though death rates have remained stable so far.//This week, former White House advisers wrote a paper urging for a national strategy that acknowledges COVID-19 as part of the â€œnew normal.â€ Biden seemed to acknowledge that view Friday, saying the virus would continue to exist in the environment, but that the United States would push for measures to contain it.//High case loads paired with persistent testing shortages and legal battles brought on by conservative groups against the administrationâ€™s public health measures have put a strain on the White Houseâ€™s COVID-19 response. The country seemed to be caught off guard by the omicron variant.//Meanwhile, cancellations across industries, from air travel to live entertainment, have stoked fears of another lockdown similar to the start of the pandemic two years ago.//And while the vast majority of schools remain open for in-person learning, staffing shortages and high case loads have forced some school districts and universities to temporarily shut down or go back to virtual learning.//Biden and the White House have actively pushed back against that narrative that the country is reverting back to the early days of the pandemic. //â€œWe have so many more tools we are developing and continue to develop that can contain COVID and other strains of COVID,â€ Biden said. â€œIf you take a look, we are very different today than we were a year ago even though we still have problems.â€//The ways those tools will be implemented, however, is still up in the air.//Reporter, HuffPost//
Do you have information you want to share with HuffPost? 
    Hereâ€™s how.", 6.7%
"The Conservative Supreme Court Justices Aren't Hot On Biden's Vaccine-Or-Test Rule", "Labor Reporter, HuffPost//Labor Reporter, HuffPost//The Supreme Court heard oral arguments Friday to determine the fate of the White Houseâ€™s federal vaccine rules for workers, pressing the Biden administration and GOP state officials on the question of whether federal agencies can require COVID-19 vaccination or testing in the workplace.//The justices are expected to decide relatively quickly whether to block the Biden administration from imposing the vaccine rules while litigation plays out in lower courts. Rulings against the White House would be a significant setback for the presidentâ€™s vaccination campaign at a time when COVID-19 caseloads have ballooned due to the omicron variant.//If the justices allow either or both rules to stand, it could nudge more workers into getting vaccinated in order to keep their jobs.//The court holds a 6-3 conservative majority, and has already upheld the ability of states to implement vaccine requirements for workers during the pandemic. But the line of questioning Friday suggested the conservative justices were skeptical of the federal governmentâ€™s power to impose broad vaccine regulations.//One rule, issued through the Occupational Safety and Health Administration, would require employers with at least 100 workers to implement programs in which those workers either show proof of vaccination or undergo weekly testing for the coronavirus. The White House estimates that it would cover 84 million employees at work sites around the country.//The other rule, issued through the Centers for Medicare and Medicaid Services, would require workers at health care facilities that receive Medicare or Medicaid funding to be vaccinated. That regulation would impact some 17 million employees at 76,000 workplaces, including hospitals, long-term facilities and dialysis centers, the administration has said.//The two regulations prompted a thicket of lawsuits filed by Republican state officials and business groups who argued the White House overstepped its legal authority. Citing the broad economic effects of such rules, the plaintiffs argued that neither OSHA nor CMS could issue them without an act of Congress.//â€œThis is the policy thatâ€™s most geared toward stopping all of this. Thereâ€™s nothing else that will perform that function better than incentivizing people strongly to vaccinate themselves.â€//Scott Keller, who argued against the OSHA rule on behalf of a business lobby, the National Federation of Independent Business, said the regulation would lead to â€œpermanent worker displacementâ€ as workers left jobs due to the vaccine-or-test requirement.//â€œA single federal agency tasked with occupational standards cannot commandeer businesses economywide into becoming de facto public health agencies,â€ Keller said.//Justice Elena Kagan was skeptical that OSHA overstepped its bounds. She asked Keller how the COVID-19 pandemic wouldnâ€™t qualify as an emergency worthy of OSHAâ€™s intervention, calling it â€œby far the greatest public health danger this country has faced in the last century.â€//â€œThis is the policy thatâ€™s most geared toward stopping all of this,â€ she said. â€œThereâ€™s nothing else that will perform that function better than incentivizing people strongly to vaccinate themselves. Why isnâ€™t this necessary and grave?â€//She acknowledged the rule was â€œan extraordinary use of emergency power,â€ but called the pandemic â€œan extraordinary circumstance.â€//Justice Stephen Breyer cited the explosion in COVID-19 case numbers as the omicron variant spreads and asked how it could â€œconceivably be in the public interestâ€ to block the OSHA rule.//â€œAre you really asking us to issue a stay?â€ Breyer asked.//The questioning from Justice Amy Coney Barrett, however, suggested she thought perhaps the OSHA rule was too sweeping in the way it touched all industries, as opposed to being targeted. She noted that â€œthere are some workplaces in which the danger to employees is different,â€ citing the example of meatpacking plants, which have hosted some of the countryâ€™s worst outbreaks.//Solicitor General Elizabeth Prelogar, who argued in favor of the OSHA rule for the federal government, said the vaccine-or-test mandate was in â€œthe heartland of OSHAâ€™s regulatory authority.â€//Chief Justice John Roberts noted that the Biden administration has issued a handful of vaccine rules through different agencies, including one for federal contractors, and asked â€œwhy Congress doesnâ€™t have a say in this.â€//â€œIt seems to me that the government is trying to work across the waterfront and itâ€™s just going agency by agency,â€ he said.//Justice Samuel Alito seemed to agree with opponents of the OSHA rule by saying it was â€œfundamentally differentâ€ from other occupational health rules. He wondered if OSHA was trying to â€œsqueeze an elephant through a mouse holeâ€ by implementing the rule.//â€œThis affects employees all the time,â€ Alito said. â€œIf youâ€™re vaccinated when youâ€™re on the job, youâ€™re vaccinated when youâ€™re not on the job.â€//Brian Fletcher, the principal deputy solicitor general who argued in favor of the CMS rule, said its purpose was to protect patients by assuring caregivers are vaccinated. He argued that CMS has clear authority to require vaccinations at facilities that accept Medicare and Medicaid dollars.//â€œIt seems to me that the government is trying to work across the waterfront and itâ€™s just going agency by agency.â€//Roberts seemed to suggest in his questioning that he felt the administrationâ€™s case might be stronger for the CMS rule, since the agencyâ€™s primary mission is health care.//Kagan noted that the CMS rule amounted to a â€œspending clause case,â€ since the agencyâ€™s power to implement a vaccine rule rests on the fact that the health care facilities take government funding. â€œThe government has more power to decide where it wants to spend its money,â€ she said.//But Justice Neil Gorsuch suggested the government would be using its funding power in a punitive way to control employment practices. When giving CMS its funding powers, he said, Congress would have assumed â€œyou cannot use the money as a weapon to control these things.â€//The lower courts have been split on the question of whether the White House was on sound legal footing in trying to implement the rules. The OSHA regulation was temporarily blocked in November by a panel of three appellate judges, two of whom were appointees of former President Donald Trump. But after several lawsuits were consolidated, another panel of judges lifted that stay after finding OSHA had the authority to enact its emergency rule.//The CMS rule was blocked in roughly half of states but allowed to proceed in the other half, where it is already in effect. OSHA is slated to begin enforcement of certain parts of its rule on Jan. 10. The justices may choose to act as quickly as possible to give employers some clarity.//Alito floated the idea of the court entering a brief administrative stay against the OSHA rule to buy more time to evaluate the case.//However the justices rule on the cases, the Supreme Court as an institution seems to believe COVID-19 safety rules are critical for the workplace. In order to enter the court, lawyers had to test negative for COVID-19 regardless of whether theyâ€™re vaccinated. In that sense, the Supreme Courtâ€™s own rule is more stringent than OSHAâ€™s, which would not require regular testing for vaccinated workers.//Labor Reporter, HuffPost//
Do you have information you want to share with HuffPost? 
    Hereâ€™s how.", 9.0%
"Biden To Deliver His First State Of The Union Address On March 1", "WASHINGTON (AP) â€” President Joe Biden will deliver his first State of the Union address on March 1, the White House confirmed Friday, after House Speaker Nancy Pelosi sent the president a formal invitation to speak to Congress and the American public one year into his term.//WASHINGTON (AP) â€” President Joe Biden will deliver his first State of the Union address on March 1, the White House confirmed Friday, after House Speaker Nancy Pelosi sent the president a formal invitation to speak to Congress and the American public one year into his term.//It will mark the latest any president has delivered a State of the Union address. The speech is normally timed for January, and occasionally for February. The delay is driven in part by a busy legislative calendar, a winter spike in COVID-19 cases from the more transmissible omicron variant and the upcoming Winter Olympics, which ties up broadcast network time.//The last State of the Union address was delivered by then-President Donald Trump on the eve of his acquittal by the Senate in his first impeachment trial.//Biden first addressed a joint session of Congress in April 2021, about 100 days into his time in the White House, which he used to promote twin infrastructure and domestic spending bills. Biden signed a slimmed-down and bipartisan version of the infrastructure proposal into law last year in crowning first-year legislative achievements. The larger expansion of the social safety net passed the House, but Biden has struggled to secure enough Democratic support in the Senate for passage.//An address to Congress in the presidentâ€™s first year is not an official State of the Union address, and Bidenâ€™s April speech bore little resemblance to one because of strict COVID-19 protocols. It was marked by limitations on attendance, with no guests allowed, and lawmakers seated on both the floor of the House chamber and the galleries above. Officials said pandemic precautions for this yearâ€™s speech were still being worked out, though they expect it to look more like a traditional State of the Union address than last yearâ€™s remarks.//â€œThank you for your bold vision and patriotic leadership which have guided America out of crisis and into an era of great progress, as we not only recover from the pandemic but Build Back Better!,â€ Pelosi wrote in her letter to Biden. â€œIn that spirit, I am writing to invite you to address a Joint Session of Congress on Tuesday, March 1, to share your vision of the State of the Union.â€//
Do you have information you want to share with HuffPost? 
    Hereâ€™s how.", 9.3%
"Mary Trump Spots The â€˜Psy-Opâ€™ Against Donald Trump In Joe Bidenâ€™s Jan. 6 Speech", "Reporter, HuffPost//Reporter, HuffPost//Mary Trump thinks one element of President Joe Bidenâ€™s speech on Thursday marking the anniversary of the U.S. Capitol riot was aimed at getting right under the skin of her uncle, former President Donald Trump.//Trump and MSNBCâ€™s Lawrence Oâ€™Donnell noted on Thursday that Biden used the word â€œlostâ€ multiple times in his address.//â€œIt made me think of the way the intelligence community briefs the president before talking to people like (Russian President) Vladimir Putin about what might irritate them â€¦ what might make them feel uncomfortable,â€ said Oâ€™Donnell.//â€œThis seemed to have some passages in there that were absolutely true and important for America to hear, but the White House and the president had to know would go straight into Donald Trumpâ€™s heart,â€ he suggested.//Trump, a fierce critic of her uncle, agreed.//â€œI thought it was masterfully done and exactly, as you say, along the lines of a psy-op, if you will,â€ she said.//â€œIt was designed, at least in those parts, to make it clear to everybody listening to that speech what the reality of the 2020 election was â€• that Donald lost badly and Joe Biden is the legitimate president â€• but also to make it clear to Donald that nobody is fooled by his lies, except maybe himself,â€ Trump added.//Watch the interview here://Reporter, HuffPost//
Do you have information you want to share with HuffPost? 
    Hereâ€™s how.", 8.2%
"Rep. Jim Jordan Rebuffs House Panel Interview On Jan. 6 Insurrection", "Republican Rep. Jim Jordan of Ohio, one of former President Donald Trumpâ€™s closest allies in Congress, on Sunday rejected a request for an interview by the House panel investigating the Jan. 6 Capitol insurrection.//Republican Rep. Jim Jordan of Ohio, one of former President Donald Trumpâ€™s closest allies in Congress, on Sunday rejected a request for an interview by the House panel investigating the Jan. 6 Capitol insurrection.//In a combative letter to committee chairman Bennie Thompson (D-Miss.), Jordan said, â€œThe American people are tired of Democratsâ€™ nonstop investigations and partisan witch hunts.â€//He said the interview request â€œamounts to an unprecedented and inappropriate demand to examine the basis for a colleagueâ€™s decision on a particular matter pending before the House of Representatives.â€//â€œThis request is far outside the bounds of any legitimate inquiry, violates core constitutional principles and would serve to further erode legislative norms,â€ he added.//Thompson told Jordan in a letter last month that the panel wants him to provide information surrounding his communications with Trump on Jan. 6 and Trumpâ€™s efforts to challenge the result of the 2020 election.//â€œWe understand that you had at least one and possibly multiple communications with President Trump on January 6th,â€ the letter read. â€œWe would like to discuss each such communication with you in detail.â€//In his response Sunday, Jordan insisted, â€œI have no relevant information that would assist the Select Committee in advancing any legitimate legislative purpose.â€//He accused Democrats of using the committee as â€œa partisan cudgel against their political adversaries.â€//Jordan is a staunch supporter of Trumpâ€™s false claims about voter fraud. The lawmaker brought those claims up during an October hearing on a motion to hold former White House chief strategist Steve Bannon in contempt for refusing to comply with a congressional subpoena.//In that hearing, Jordan admitted that he spoke with Trump on the day of the attack.//â€œOf course, I talked to the president,â€ Jordan told members of the Rules Committee, in response to questioning from the panelâ€™s chairman, Rep. Jim McGovern, D-Mass. â€œI talked to him that day. Iâ€™ve been clear about that. I donâ€™t recall the number of times, but itâ€™s not about me. I know you want to make it about that.â€//The panel is also seeking information regarding Jordanâ€™s meeting with Trump and members of his administration in November and December 2020, and in early January 2021, â€œabout strategies for overturning the results of the 2020 election.â€ Thompsonâ€™s letter said the committee is also interested in any discussions Jordan may have had during that time regarding the possibility of presidential pardons for people involved in any aspect of the Capitol attack or the planning for the two rallies that took place that day.//
Do you have information you want to share with HuffPost? 
    Hereâ€™s how.", 4.5%
"Fox News Host Has Some Blunt Talk For Trump: 'You Have To Learn To Lose'", "Overnight Editor, HuffPost//Overnight Editor, HuffPost//Former President Donald Trump received a dose of truth from an unexpected place on Sunday: Fox News.//â€œIn life, you have to learn to lose,â€ the networkâ€™s Brian Kilmeade told â€œMedia Buzzâ€ host Howie Kurtz when asked about Trumpâ€™s complaints of the 2020 election.//â€œHillary Clinton has to learn that,â€ Kilmeade added. â€œAl Gore pretty much did learn that. Stacey Abrams didnâ€™t learn that.â€//Later in the segment, Kurtz noted that Clinton did concede her election loss, something Trump has yet to do. //Kilmeade, one of the hosts of â€œFox & Friends,â€ also bluntly dismissed Trumpâ€™s cries of election fraud, telling him to put up or shut up. //â€œIf you did, in fact, get screwed out of this election, put together an A-team list of lawyers â€• not the ones we witnessed â€• and show us the districts and show us how,â€ Kilmeade said. â€œI have not seen any of that.â€//See their full conversation below:  //Brian @Kilmeade says Jan. 6 was "the worst day in Republican history," but that even if Trump "did in fact get screwed out of this election,â€ he needs to show us the proof and it isn't helping him or the country to keep talking about it #Mediabuzz https://t.co/olW3e0wxw8//Overnight Editor, HuffPost//
Do you have information you want to share with HuffPost? 
    Hereâ€™s how.", 3.4%
"Watch Tom Brady Defy Coaches To Do Rob Gronkowski A Solid", "General Assignment Reporter, HuffPost//General Assignment Reporter, HuffPost//Tom Brady isnâ€™t afraid to show his coaches whoâ€™s boss. (Watch the video below.)//The Tampa Bay Buccaneers quarterback was apparently supposed to remain off the field late in his teamâ€™s game Sunday against the Carolina Panthers. The Bucs were ahead by 14 points, and keeping the star in made little sense with the playoffs starting next week.//But Brady appeared to tell the staff that he was still playing â€• and the reason was to help tight end Rob Gronkowski earn $1 million in bonuses.//Gronk, Bradyâ€™s pal and winner of four Super Bowls with the quarterback (who has won seven overall), reached the season yardage minimum of 750 yards for a $500,000 incentive earlier in the game. But he required one more reception to reach 55, a milestone that would secure an additional $500,000, For the Win noted.//Brady then completed a short pass to Gronk, and his regular-season work was done. CBS noted the financial motivation behind the play in its broadcast://Tom Brady didn't want to get out of the game until he got Rob Gronkowski one more reception for a $500K incentive. pic.twitter.com/B3HdJnf0E8//Reserve QB Blaine Gabbert immediately came into the game.//The Bucs won, 41-17, and will host Philadelphia in a playoff game on Sunday.//Gronk, for what itâ€™s worth, finished the regular season with 55 receptions and 802 yards. But he lost out on another $1 million bonus because he fell three touchdown catches short of his bonus goal of nine, NBC noted.//Still six figures richer, Gronk promised to take teammates out for dinner.//Dinner on @RobGronkowski ğŸ‘ pic.twitter.com/2nmUIOYbjS//General Assignment Reporter, HuffPost", 18.1%
"Donald Trump Reportedly Dialed Sean Hannity Into Oval Office Meetings", "Trends Reporter, HuffPost//Trends Reporter, HuffPost//Former President Donald Trump and his Fox News influencers were so joined at the hip that he even dialed Sean Hannity and Lou Dobbs into Oval Office meetings, according to an unidentified former senior administration official, The Washington Post reported Sunday.//A â€œlot of itâ€ concerned public relations â€” â€œwhat he should be saying and how he should be saying it; he should be going harder against wearing masks or whatever,â€ Trumpâ€™s former press secretary Stephanie Grisham told the Post, apparently confirming the information.//According to Grisham, Trump frequently consulted with Hannity and Fox News host Jeanine Pirro.//â€œThere were times the president would come down [in the] morning and say, â€˜Well, Sean thinks we should do this,â€™ or, â€˜Judge Jeanine thinks we should do this,â€™â€ said Grisham. She described Hannity on CNN last Thursday as Trumpâ€™s â€œshadow adviser,â€ who counseled him on â€œmany, many things.â€//Jeff Cohen, author of â€œCable News Confidential,â€ slammed the relationship as a violation of public trust by Fox hosts because viewers have no idea how close they are to Trump and are under the impression there is some objectivity to their on-air reports. //The startlingly close relationship between a sitting president and what the Post called a â€œCable Cabinetâ€ of members of a right-wing news operation was underscored by the multiple texts released last month by the House select committee investigating the Jan, 6 insurrection.//As last yearâ€™s Jan. 6 violence unfolded in the U.S. Capitol, Fox News hosts Laura Ingraham, Brian Kilmeade and Hannity all texted then-White House chief of staff Mark Meadows, pleading with him to press Trump to intervene to stop the siege. They all later downplayed the insurrection on Fox News, or even blamed the attack on the building on Antifa or members of the Black Lives Matter.//It was one of the few times Trump wasnâ€™t listening to his Fox News brain trust. It took him more than three hours on Jan. 6 to speak out against the violence.//â€œHe canâ€™t mention the election again. Ever,â€ Hannity texted Meadows days after the insurrection. â€œI did not have a good call with him today.â€//But Trump enthusiastically embraced just about every other â€œfantasticalâ€ Fox favorite, including support for now-disgraced attorney Sidney Powell, who repeatedly pitched wildly baseless claims of election fraud, informal Trump adviser Michael Pillsbury told the Post.//Trumpâ€™s Fox pals could suddenly â€œcompletely change his mind on something,â€ said his former communications director Alyssa Farah Griffin, and the staff would have to scramble to do damage control.//Hannity wielded clout even during Trumpâ€™s 2016 campaign, calling Republican National Committee Chairwoman Ronna McDaniel to complain about strategy, according to the Post.//The first time then-Speaker of the House Rep. Paul Ryan (R-Wis.) met the president-elect at Trump Tower in December 2016, Hannity called mid-meeting, reported Post journalists Bob Woodward and Robert Costa in their book â€œPeril.â€ //Trump â€œanswered the call as Ryan and his advisers sat silent. â€˜Yeah, Iâ€™m here with Paul,â€™ Trump told Hannity. â€™Oh? You want to talk with him?â€™â€//Trump put the call on speakerphone and said: â€œSean, talk to Paul,â€ which he did for about seven minutes, according to â€œPeril.â€ //Check out the full Washington Post story here.//Trends Reporter, HuffPost//
Do you have information you want to share with HuffPost? 
    Hereâ€™s how.", 3.9%
"John Oliver Is Suddenly Very Angry About 1 Key Point In The â€˜Da Vinci Code'", "Overnight Editor, HuffPost//Overnight Editor, HuffPost//â€œLast Week Tonightâ€ is on hiatus, but John Oliver reemerged on YouTube over the weekend with a new segment explaining why â€œThe Da Vinci Codeâ€ makes him so mad. //It has to do with the incredibly simple puzzle at the heart of both the â€œstupid, stupid bookâ€ and film. //â€œNo one should need Robert Langdon, a Harvard-educated puzzle-solver who fucks, to get to the bottom of this,â€ Oliver declared. â€œA child could solve that puzzle!â€//Just check out Oliverâ€™s reaction to the big reveal: //So, whatâ€™s this very basic puzzle with a solution a child could figure out? //Watch the full segment://â€œLast Week Tonightâ€ returns to HBO in February.//Overnight Editor, HuffPost", 8.2%
"Dozens Rescued From Wisconsin Ice Floe That Broke Free From Shore", "Trends Reporter, HuffPost//Trends Reporter, HuffPost//Thirty-four people were rescued in Wisconsin over the weekend after an ice floe suddenly broke free from the shore of Green Bay while they were ice fishing.//The large sheet of ice had floated about a mile from shore by the time everyone was saved on Saturday â€• nearly two hours after the rescue operation was launched by the Brown County Sheriffâ€™s Office, New Franken Fire, Green Bay Fire, Wisconsin Department of Natural Resources and the Coast Guard. It took rescue boats several trips back and forth to collect everyone.//No one was injured and no one required medical attention, though the sheriffâ€™s office called the situation â€œextremely dangerous.â€ //â€œAlthough the chunk of ice remained fairly stable, its condition was deteriorating rapidly (and) cracking up as it moved with the open water pounding at the edge of it,â€ the sheriffâ€™s office said in a statement.//The sheriffâ€™s office initially reported that 27 people had been rescued, but later raised that number to 34.//Although ice is typically solid along the shore in January, a passing barge â€œmay have disruptedâ€ it, said Lt. John Bain. //Shane Nelson and his friend Robert Verhagen told WLUK Fox 11 that they were ice fishing for the first time ever and heard what sounded like a large gunshot when the ice cracked.//â€œWe thought it was interesting, got out of our shanty, took a look and people were yelling on the ice weâ€™re separating,â€ said Nelson.//â€œDidnâ€™t catch any fish, ran out of propane early and got stranded on the ice,â€ he added.//Trends Reporter, HuffPost", 11.0%
"Colbert Audience Erupts Over 1 Telling Phrase Biden Used To Describe Trump", "Overnight Editor, HuffPost//Overnight Editor, HuffPost//President Joe Biden seemed to take a page out of Stephen Colbertâ€™s book when he spoke on the anniversary of the Jan. 6, 2021, attack on the U.S. Capitol carried out by supporters of Donald Trump. //Biden managed to refer to Trump repeatedly while not using his name a single time, just as Colbert has almost never used the T-word on â€œThe Late Show.â€//Trump later complained in a statement that Biden â€œused my name today to try to further divide America.â€ //But Colbert was standing by with a fact-check. //â€œNo, he didnâ€™t,â€ Colbert said. â€œHe didnâ€™t use your name once, you nimrod.â€ //Then he offered up a supercut of how Biden referred to Trump that had his audience erupt in cheers: //Overnight Editor, HuffPost", 4.6%
"Analysis: Taking On Trump Is Bidenâ€™s Reluctant Calling", "WASHINGTON (AP) â€” It may not be the fight he sought, but taking on Donald Trump is President Joe Bidenâ€™s calling.//WASHINGTON (AP) â€” It may not be the fight he sought, but taking on Donald Trump is President Joe Bidenâ€™s calling.//Biden offered himself as a guardian of American democracy in a visceral speech Thursday discussing the horrors of the Jan. 6 insurrection that sought to overthrow his 2020 election victory. Trumpâ€™s refusal to accept the reality of his defeat spawned a conspiracy that came close to shattering the nationâ€™s system of government and continues to ripple through society a year later.//â€œI did not seek this fight, brought to this Capitol one year ago today, but I will not shrink from it either,â€ Biden said in his 25-minute address from Statuary Hall, where rioters had roamed one year earlier. â€œI will stand in this breach. I will defend this nation. And I will allow no one to place a dagger at the throat of democracy.â€//Yet even in his own telling, Bidenâ€™s presidency has been shaped by and in response to his predecessor.//At age 75 and grieving the recent death of his adult son, the former vice president decided to reenter public life to battle for the â€œsoul of Americaâ€ after watching Trump deliver praise for some of the white supremacists at a violent protest in Charlottesville in 2017. Biden vanquished fresher and more popular faces in a contentious 2020 Democratic primary on the promise that he was the most capable of unseating Trump. And he was sworn into the office just two weeks after the violent insurrection because he convinced Americans that he could turn the page on a turbulent four years.//Biden didnâ€™t mention the former president by name even once in Thursdayâ€™s remarks. But he fired off zingers and reprimands aimed directly at Trump and the party that has increasingly cast itself in his image.//Trump, said Biden, is not just a former president, but a defeated one whose â€œbruised ego matters more to him than our democracy.â€//He refuted Trumpâ€™s â€œbig lieâ€ â€” three of them, actually â€” and efforts to continue to sow doubt about the conduct of an election that even the former presidentâ€™s own attorney general and judicial picks determined to be fair and free of significant misconduct.//He mocked the self-described patriotism of those who attacked law enforcement and breached the Capitol, as well as that of the man who inspired them to do it. â€œYou canâ€™t love your country only when you win,â€ Biden said.//The anniversary marked Bidenâ€™s most forceful condemnation of his predecessor, after a maiden year in office spent trying, often unsuccessfully, to avoid talking about â€œthe former guy.â€//â€œIâ€™m tired of talking about Donald Trump,â€ he said four weeks into his presidency. â€œI donâ€™t want to talk about him anymore.â€//But in the past year, Trump has gone from twice-impeached pariah to self-styled president-in-exile, his grip on the GOP stronger now than when he left office. Trump has mounted an aggressive campaign to oust from his party the few Republicans willing to condemn him. And he has amassed a war chest with the aim of retaking the White House in 2024.//It is a paradox for the president: Biden is often at his best when he takes on Trump, yet talking about the former president also serves to elevate him in the national conversation.//There could well be a rematch in 2024. Biden, who has said he intends to seek another term, told ABC last month that heâ€™s even more likely to run again if Trump is on the GOP ticket.//But thereâ€™s a simultaneous effort afoot to change how elections are run, and that could portend a very different dynamic in a contested election next time.//Republicans in numerous states are promoting efforts to influence future elections by installing sympathetic leaders in local election posts and theyâ€™re backing for elective office some of those who participated in the insurrection. Democrats, for their part, are pushing voting changes that would seek to undo those GOP efforts and enshrine in law other longtime Democratic priorities.//The violence on Jan. 6 was only a small piece of the overall effort by pro-Trump allies to subvert the election. More than 50 lawsuits were filed in battleground states alleging some type of election fraud, a push that failed after judges named to the bench by many different presidents â€” including Trump himself -â€” rejected the claims. The Justice Department launched an effort to investigate instances of widespread voter fraud, only to have former Attorney General William Barr tell The Associated Press there was none. And Trump allies made unfounded accusations about voting machines used in many states, including false claims that some were made by a company with ties to Venezuela, among other wild allegations now the subject of defamation litigation.//Despite his insistent speech Thursday, Biden and other administration officials do not generally publicly dwell on the conspiracy theories around the election, in part because it gives fuel to the fire. And itâ€™s widely expected that, despite Bidenâ€™s pledge to help push voting rights legislation to completion, heâ€™s not going to look back at the events of 2020 much more. His belief is that heâ€™s more likely to win over Trump supporters by governing, and doing it well, than by constantly re-litigating his presidential win.//As he left the Capitol on Thursday, Biden stopped to explain why he had decided to so forcefully criticize Trump after shying away from it for so long. â€œThe way you have to heal is you have to recognize the extent of the wound.â€//â€œYouâ€™ve got to face it,â€ he added. â€œThatâ€™s what great nations do. They face the truth. Deal with it. And move on.â€//Much as Biden would like to move on, though, the future of Americaâ€™s democracy is now tethered to the events of the 2020 election and the ongoing fallout that show no signs of disappearing.//___//EDITORâ€™S NOTE â€” Zeke Miller has covered the White House for the AP since 2017. Colleen Long covers the White House for AP and has led coverage of the Jan. 6 insurrection and its aftermath.//
Do you have information you want to share with HuffPost? 
    Hereâ€™s how.", 10.4%
"Supreme Court To Decide Fate Of Bidenâ€™s Vaccine Rules", "Labor Reporter, HuffPost//Labor Reporter, HuffPost//In early November, President Biden issued two sweeping federal rules aimed at getting as many workers as possible vaccinated against COVID-19. Whether those controversial rules survive is now in the hands of the Supreme Court. //The justices are scheduled to hear oral arguments Friday in a pair of cases revolving around the emergency regulations. Republican leaders and business groups sued to stop the rules from going into effect, leading to injunctions and differing opinions in the lower courts. After groups filed emergency requests with the Supreme Court, the justices decided to expedite both of the hot-button cases and hear them together this week.//The special session is meant to determine whether the Biden administration can enforce the vaccine rules while that litigation plays out, but the underlying question is whether or not the White House has the legal authority to issue the rules in the first place. //An estimated 86% of U.S. adults have received at least one dose of a COVID-19 vaccine, according to The New York Times. But the administration says that rate needs to be higher, especially amid a surge in cases due to the omicron variant, and the vaccine rules are central to the White House effort to get remaining holdouts inoculated.//Both of the administrationâ€™s rules are employer mandates, but only one is a true vaccine mandate.//That rule, issued through the Centers for Medicare and Medicaid Services, requires that workers in health care facilities that receive Medicare or Medicaid funding get vaccinated. If workers donâ€™t get the jab, then their federally funded employers canâ€™t let them work. The White House estimates the rule would cover 17 million workers at 76,000 sites, including hospitals, long-term care facilities and dialysis centers, among others.//In explaining the rule, the administration said it would bring peace of mind to patients wondering about their caregiversâ€™ vaccination status, reduce staff sickness and quarantines and â€œcreate a level playing field across health care facilities.â€//The other vaccine regulation is less stringent but far more expansive. The rule administered by the Occupational Safety and Health Administration would require employers with at least 100 workers to create programs in which workers either show proof of vaccination or undergo weekly testing for COVID-19. The employers would also have to offer workers paid time off to get their shots, and make sure that unvaccinated workers wear a mask in the workplace.//â€œThe White House estimates the OSHA rule would cover 84 million workers.â€//The OSHA rule is really a vax-or-test mandate; technically no one would be obligated to get a shot because of it. Still, the hassles of weekly testing might make vaccination more appealing, and thatâ€™s almost certainly part of the idea. At-home COVID-19 tests would be accepted so long as theyâ€™re done at the worksite or proctored online, but such tests can be hard to find right now. Employers arenâ€™t obligated to foot the bill for testing under the rule. //The White House estimates the OSHA rule would cover 84 million workers, most of them in the private sector, but many in the public sector as well, including the U.S. Postal Service. Employers who failed to follow it would be subject to fines â€” up to around $13,700 in most cases â€” but the agency said it expects the vast majority of firms to comply with it willingly. Indeed, many large employers have already instituted mandates on their own.//OSHA has estimated that the rule would save 6,500 lives and prevent 250,000 hospitalizations over a span of six months. //Republicans in Congress are so opposed to the OSHA rule that they briefly considered using a government shutdown as leverage to kill it.//The Supreme Court, which currently holds a 6-3 conservative majority, has already declined to knock down state vaccine mandates for workers instituted during the pandemic. But the cases involving Bidenâ€™s vaccine rules hinge on a different issue: whether the relevant federal agencies have the statutory power to implement them.//A slew of business groups and states, the vast majority GOP-led, have sued to stop both rules on the grounds that they exceed the legal authority of OSHA and CMS. The OSHA rule was blocked temporarily by one appeals court, then later reinstated by another. The CMS rule was blocked in roughly half the states but allowed to move forward in the other half.//One of the loudest opponents of the OSHA rule is the conservative Liberty Justice Center, which says it aims to â€œprotect workersâ€™ rights and free speechâ€ and â€œcombat cancel culture and government overreach.â€ The group and other critics of the rule argue in part that COVID-19 is far more than a workplace hazard, and a mandate to vaccinate or test would require an act of Congress. //The group succeeded in getting a stay against the rule in November when a panel for the New Orleans-based Fifth Circuit Court of Appeals ruled that there was â€œcause to believe there are grave statutory and constitutional issues with the Mandate.â€ Two of the three judges were appointed by former President Donald Trump.//However, that stay was lifted by another panel at the Fifth Circuit Court of Appeals, which found that the Occupational Safety and Health Act of 1970 gave OSHA the authority to protect against infectious disease, regardless of whether itâ€™s a hazard beyond the workplace. //They wrote that OSHAâ€™s authority â€œis hardly limited to â€˜hard hats and safety goggles.â€™ OSHA has wide discretion to form and implement the best possible solution to ensure the health and safety of all workers, and has historically exercised that discretion.â€//The arguments against the CMS rule track along similar lines. Opponents claim that given the economic and political significance of the regulation, CMS would need express permission from Congress to issue it. A federal judge in Missouri â€” also a Trump appointee â€” agreed, saying the agency exceeded its authority and that the plaintiffs were likely to succeed on their argument that the rule is â€œarbitrary and capricious.â€//â€œThe litigation surrounding both rules hasnâ€™t left employers with much clarity on what to expect.â€//The Biden administration says the CMS rule is meant to protect patients, and argues that the agency has clear authority to do so at facilities that accept Medicare and Medicaid dollars. Xavier Becerra, head of the Department of Health and Human Services, which includes CMS, estimated that the rule would save â€œseveral hundred ... or perhaps several thousandâ€ lives each month.//The litigation surrounding both rules hasnâ€™t left employers with much clarity on what to expect.//OSHA said it will not issue citations for any part of the rule before Jan. 10, and wonâ€™t enforce the weekly testing requirement until Feb. 9. And while CMS is already enforcing its rule in the states where it can, the agency is giving health care facilities a runway of several weeks to reach 100% vaccination rates before they can be fined or lose federal funding. //The Supreme Court is expected to rule quickly on the cases, and their decisions could change those timelines further, or render them moot.//Labor Reporter, HuffPost//
Do you have information you want to share with HuffPost? 
    Hereâ€™s how.", 12.2%
"Biden Blasts â€˜Shadow Of Liesâ€™ That Led To Jan. 6 Riot At U.S. Capitol", "Senior Political Reporter, HuffPost//Senior Political Reporter, HuffPost//President Joe Biden, in a speech marking the anniversary of the 2021 U.S. Capitol riot, blasted the â€œshadow of liesâ€ that led to a failed insurrection meant to nullify his election victory over Donald Trump, and condemned Republicans who continue to indulge Trumpâ€™s falsehoods.//Bidenâ€™s speech, delivered from Statuary Hall in the U.S. Capitol, amounted to a count-by-count debunking of Trumpâ€™s lies about supposed widespread election fraud and what happened on Jan. 6. He noted that election officials across the country, as well as Trumpâ€™s own attorney general, agreed Biden had won one of the most scrutinized elections in history. //â€œYou canâ€™t love your country only when you win,â€ Biden said. â€œYou canâ€™t obey the law only when it is convenient. You canâ€™t be patriotic when you embrace and enable lies.â€//Biden did not use the event to push the Democratic Partyâ€™s sweeping voting rights legislation â€• he plans to travel to Georgia to deliver a speech on the proposed law next week.//â€œAt this moment we must decide what kind of nation we are going to be,â€ Biden said in Thursdayâ€™s remarks. â€œAre we going to be a nation that accepts political violence as a norm? Are we going to be a nation where we allow partisan election officials to overturn the legally expressed will of the people? Are we going to be a nation that lives not by the light of the truth but in the shadow of lies?â€//â€œWe cannot allow ourselves to be that kind of nation,â€ he concluded. //Biden returned to one of the signature themes of his presidency, framing the fight over Trumpâ€™s lies as part of a struggle against authoritarianism around the world.//â€œWeâ€™re engaged in a new struggle between democracy and autocracy, between the aspirations of the many and the greed of the few, between peopleâ€™s right of self-determination and self-serving autocrats,â€ he said. â€œIn China, Russia and beyond, theyâ€™re betting democracyâ€™s days are numbered.â€//Biden never mentioned Trump by name, instead referring to him as a â€œdefeated former president.â€ He told reporters after the speech that heâ€™d avoided using Trumpâ€™s name because he â€œdid not want to turn it into a contemporary political battle.â€//But the political battle came regardless. Trump released a statement claiming Biden was aiming â€œto further divide America.â€//Trump had announced his own plan to hold a press conference on Thursday, but he canceled that event after realizing it was unlikely to draw extensive television coverage.//Bidenâ€™s speech is one of several planned events at the Capitol to commemorate the day of the attack and the ultimate certification of the Electoral College vote. Included on the schedule are a prayer vigil, a discussion with historians and a moment of silence. Across the country, right-wing groups are holding their own vigils intended to celebrate the rioters â€• though mainstream congressional Republicans are largely avoiding those events.//Senior Political Reporter, HuffPost//
Do you have information you want to share with HuffPost? 
    Hereâ€™s how.", 5.3%
"Sen. Amy Klobuchar Recalls â€˜Dramaticâ€™ Way GOP Senators Reacted To Bidenâ€™s Jan. 6 Plea", "Reporter, HuffPost//Reporter, HuffPost//Sen. Amy Klobuchar (D-Minn.) on Wednesday recalled the â€œdramatic momentâ€ Democratic and GOP senators came together to applaud incoming President Joe Bidenâ€™s televised call on Jan. 6, 2021, for then-President Donald Trump to â€œdemand an end to this siege.â€ //Klobuchar, talking with â€œThe Late Showâ€ host Stephen Colbert on the eve of the one-year anniversary of the U.S. Capitol riot, remembered lawmakers from both parties being taken to a secure room as Trump supporters stormed the Capitol in a bid to stop then-Vice President Mike Pence from certifying the 2020 election result.//Colbert asked if Democrats were â€œthrown in there togetherâ€ with Republicans, such as Sens. Ted Cruz (Texas), Josh Hawley (Mo.) and Lindsey Graham (S.C.) â€” who had promoted Trumpâ€™s election lies.//â€œEveryone was in the same room. We got TVs on so you could see what was happening,â€ Klobuchar said.//â€œYou can see the attack continuing, standing next to the people who invited it?â€ asked a stunned Colbert.//â€œThatâ€™s correct,â€ Klobuchar replied.//â€œI remember there was one dramatic moment,â€ the senator continued. â€œRemember how the former president would not even address â€¦ it took hours and hours ... But incoming president Biden, he did. And there was a moment where everyone watched him speak and everyone applauded and that was a big deal.â€//â€œBoth sides of the aisle applauded?â€ asked Colbert.//â€œThey did,â€ said Klobuchar.//Biden, in his address, called on Trump to go on national TV and â€œdemand an end to this siege.â€ Trump, however, tweeted a video telling rioting supporters were â€œvery specialâ€ and asked them to â€œgo home in peace.â€//Watch the interview here://Reporter, HuffPost//
Do you have information you want to share with HuffPost? 
    Hereâ€™s how.", 7.3%
"Critics Sum Up Laura Ingraham's Latest Joe Biden Attack In 1 Mocking Word", "Reporter, HuffPost//Reporter, HuffPost//Laura Ingrahamâ€™s latest bombastic attack on President Joe Biden prompted the same one-word reply from many Twitter users: projection.//On Wednesday night, the Fox News personality suggested Bidenâ€™s presidency was in the pocket of rival network MSNBC. â€œThis isnâ€™t the Biden administration, though. Is it really? Itâ€™s the MSNBC administration,â€ she declared.//Ingraham: This isnâ€™t the Biden Administration. Itâ€™s the MSNBC Administration pic.twitter.com/DoRqo8nkrn//Critics thought Ingrahamâ€™s claim was especially rich, given her TV networkâ€™s close ties to Donald Trumpâ€™s White House.//Only last month, it emerged Ingraham and fellow prime-timer Sean Hannity texted with then-White House chief of staff Mark Meadows during the U.S. Capitol insurrection, urging him to get Trump to call off his rioting supporters.//Fox personalities defended Trumpâ€™s outrageous actions on the air throughout his presidency, with Hannity even joining the one-term leader on stage at a rally. Multiple Trump allies have since taken jobs with the network, among them former White House press secretary Kayleigh McEnany.//Sounds like someoneâ€™s worried about the 1/6 commission having their texts. Nothing like projection.//The projection is tremendous in that woman.//Projection much? ğŸ™„//I had this wild dream where Sean Hannity had his texts publicly revealed showing how Fox News was directly advising a past administration.//They need a new game plan instead of constant projection.//Once again, I have nothing left to describe the sheer magnitude of Fox projection.//LOL. Projection! Trying to counter with Maddow's obliviation of Hannity ğŸ˜‚ğŸ˜‚ğŸ˜‚//Reporter, HuffPost//
Do you have information you want to share with HuffPost? 
    Hereâ€™s how.", 7.1%
"Unions Take Biden To Court Over COVID Protections For Health Care Workers", "Labor Reporter, HuffPost//Labor Reporter, HuffPost//A group of labor unions representing nurses asked a federal court on Wednesday to force the Biden administration to adopt a COVID-19 safety standard for health care workers, escalating a rare public fight between the White House and labor allies.//The Occupational Safety and Health Administration implemented an emergency safety standard last June to protect nurses and other frontline health care workers during the pandemic. But the Biden administration announced last week that it was withdrawing key portions of that temporary rule while it continued its work developing a permanent one.//The decision to drop existing standards without the new ones in place angered labor groups and workplace safety advocates amid a surge in COVID-19 caseloads due to the omicron variant. The unions that took the Biden administration to court Wednesday said OSHAâ€™s failure to implement a permanent safety standard amounts to â€œan extremely dangerous breach of its duties.â€//â€œOSHA is charged with ensuring that employers create and maintain safe workplaces, and this delay in issuing a permanent standard puts the lives of nurses and other health care workers, patients, and our communities, in jeopardy,â€ said Bonnie Castillo, president of National Nurses United, one of the unions involved in the effort.//The legal effort is backed by other major unions that supported Bidenâ€™s presidential campaign, such as the American Federation of Teachers and the American Federation of State, County, and Municipal Employees, as well as the AFL-CIO labor federation.//â€œOSHA has decided to create a gaping hole in the protection of workers required by Congress.â€//Liz Shuler, the federationâ€™s president, said the groups had â€œno choice but to turn to the courts to ensure that our health care workers are protected.â€//OSHAâ€™s emergency standard required hospitals, nursing homes and other health care facilities to develop and implement measures to slow the spread of COVID-19. It also mandated that they provide workers with sufficient protective equipment like N95 respirators, maintain social-distancing protocols and screen patients before they enter the workplace. Employers were required to follow the rules under threat of fine.//On Dec. 27, OSHA said it would be withdrawing all parts of the rule that arenâ€™t related to an employerâ€™s obligation to keep safety records. The agency said that under its interpretation of the law, OSHA only had six months to keep the emergency standard in place while it put together a permanent one. And six months was not enough time to get a permanent regulation through the rulemaking process. //But Jordan Barab, a former deputy assistant secretary at OSHA during the Obama years, argued on his blog Confined Space that the law is not so clear, and six months amounted to â€œan impossible deadlineâ€ to develop a permanent rule. He said the administration should have kept the temporary rules in place for the time being, even if it prompted a legal challenge. //â€œThis decision to pull the rug out from underneath the nationâ€™s millions of nurses, doctors and other healthcare workers on the front lines of the fight against COVID-19 could not have come at a worse time,â€ he wrote.//When OSHA issued the emergency rule in June, the agency projected it would cover 18 million workers, preventing 295,284 infections and 776 deaths among health care workers over a six-month period. The labor groups that went to court Wednesday noted that COVID-19 still poses a grave danger, and argued that OSHA is obligated to have a standard in place due to its earlier findings.//â€œInstead, OSHA has decided to create a gaping hole in the protection of workers required by Congress,â€ they wrote in their filing. //Even though it was dropping most of the emergency standard, OSHA said it would â€œvigorously enforceâ€ safety rules at health care facilities through whatâ€™s known as the â€œgeneral dutyâ€ clause, which states that employers have a general obligation to keep workers safe from harm. But it can be much more difficult for OSHA to issue citations and fines that stick using the general duty clause as opposed to more specific rules.//The fight over the emergency standard for health care comes at a time when the Biden administration is hoping to salvage its vaccination rules  amid legal battles.//The White House has issued a rule through OSHA that would require large employers across the country to implement programs in which workers either get vaccinated or undergo weekly testing for COVID-19. It issued another rule through the Centers for Medicare & Medicaid Services that would require vaccination for workers at health care facilities receiving Medicare and Medicaid funding.//Both rules have been challenged in court, and the Supreme Court is scheduled to hear appeals in the cases on Friday. //Labor Reporter, HuffPost//
Do you have information you want to share with HuffPost? 
    Hereâ€™s how.", 12.1%
"A Year Later, GOP Lawmakers Still Won't Say If Joe Biden Is Actually President", "Senior Politics Reporter, HuffPost//Senior Politics Reporter, HuffPost//Itâ€™s been a year since 147 Republican lawmakers voted to overturn the results of the 2020 presidential election after fueling a lie about widespread voter fraud.//They cast their votes just hours after a mob of white supremacist supporters of then-President Donald Trump stormed the U.S. Capitol with plans to kill House Speaker Nancy Pelosi (D-Calif.), Vice President Mike Pence and others to stop them from certifying President-elect Joe Bidenâ€™s win. They believed the lie, and Trump himself egged them on. Hundreds of lawmakers, staff, reporters and other workers hid for their lives. Five people died and hundreds were injured. Four police officers who defended the Capitol that day later died by suicide.//Biden overwhelmingly won the election. There was never evidence of widespread voter fraud.//Do those 147 Republicans now concede that Biden was elected president, fair and square, a full year later? Do they regret their votes against certifying the Electoral College count? HuffPost posed both questions to all 147 Republicans over the span of a couple of weeks in December, either in person or via their offices. (One of those members, former Rep. Ron Wright of Texas, passed away in February.)//They overwhelmingly declined to answer.//â€œCall our press office,â€ said Sen. Ted Cruz (R-Texas) when asked if he believes Biden fairly won the election a year ago.//Cruz stood in a Senate elevator as he spoke, and the doors werenâ€™t closing for some reason. HuffPost pressed him on why he wouldnâ€™t answer the question himself since it was about his own belief. For the next seven seconds, Cruz stared blankly in silence until the doors finally closed.//â€œCold,â€ muttered a Capitol Hill photographer standing nearby.//HuffPost went ahead and followed up with Cruzâ€™s press office. â€œThanks, Jen, weâ€™ll check on this,â€ his spokesperson Maria Jeffrey emailed back. They never responded after that.//â€œWho are you with?â€ said Sen. John Kennedy (R-La.) when asked if he regretted his Jan. 6 vote. When HuffPost identified itself, Kennedy walked away.//â€œYeah, I donâ€™t have anything for you on that,â€ he said. â€œI have people waiting on me.â€//HuffPost asked Kennedy again a couple of weeks later, in the event he actually had people waiting on him that first time.//â€œI donâ€™t have anything for you,â€ he said again, walking away.//Sen. Cindy Hyde-Smith (R-Miss.) laughed as HuffPost began asking about her vote against certifying Bidenâ€™s election.//â€œI donâ€™t do hallway interviews,â€ she said, stepping into a Senate elevator.//Asked if she does elevator interviews, Hyde-Smith chuckled again as the doors closed. â€œI donâ€™t do them in the elevator, either.â€//Some GOP senators seemed annoyed at having to answer the question at all.//â€œHeâ€™s the constitutionally elected president,â€ said Sen. Rick Scott (R-Fla.), who voted against certifying Bidenâ€™s election. â€œIâ€™ve said it like a zillion times.â€//Asked if he regretted his vote, Scott simply said, â€œNo.â€//Sens. Josh Hawley (R-Mo.) and Tommy Tuberville (R-Ala.) both firmly said â€œyesâ€ when asked if they believe Biden won the election fairly. And both just as firmly said â€œnoâ€ about regretting their Jan. 6 votes against certifying the Electoral College results.//Aides to Sens. Cynthia Lummis (R-Wyo.) and Roger Marshall (R-Kan.) â€• the remaining two GOP senators who voted against certifying Bidenâ€™s election â€• did not respond to emailed requests for comment on both questions.//Of the 139 House Republicans who voted to overturn the election, an aide to just one of them â€• one! â€• responded to HuffPostâ€™s questions.//â€œCongressman Sessions stands firm in his decision to vote against certifying the election results of Arizona and Pennsylvania for the purpose of further review,â€ said Nicole Myers, a spokesperson for Rep. Pete Sessions (R-Texas).//â€œThere were abnormalities and inconsistencies that Americans were and are still very concerned about,â€ said Myers, even though there has never been any evidence of widespread voting fraud in Arizona or in Pennsylvania. â€œCongressman Sessionsâ€™ vote was never intended to overturn the election rather to send back the results to the states for a deeper investigation so that Americans could have peace of mind and confidence in the election system.â€//An aide to Rep. Darrell Issa (R-Calif.) also replied to HuffPostâ€™s email but apparently only to complain about not being asked about something else.//â€œReaching back out with one question: Is this the first time youâ€™ve written to me this year?â€ wrote Issa spokesperson Jonathan Wilcox.//When HuffPost said yes, it appeared to be, Wilcox responded, â€œThatâ€™s what I thought, too.â€ He never followed up with an answer to either question.//For the moment, Rep. Tom Rice (S.C.) appears to be the only House Republican who publicly regrets his vote against certifying Bidenâ€™s win.//He told Politico last month that he should have voted to certify â€œbecause President Trump was responsible for the attack on the Capitol.â€//â€œIn the wee hours of that disgraceful night, while waiting for the Capitol of our great country to be secured, I knew I should vote to certify,â€ Rice said. â€œBut because I had made a public announcement of my intent to object, I did not want to go back on my word. So, yeah, I regret my vote to object.â€//Alex Enlow, a spokesperson for Rep. Austin Scott (R-Ga.), made a point to highlight that her boss did vote to certify the votes for Biden as president. Enlow used to work for Rep. Greg Steube (R-Fla.), who voted not to certify Bidenâ€™s win, and HuffPost initially reached out to her for comment about Steube. Enlow responded with an update on her job change â€• and a statement from Scott.//â€œCongress does not have the Constitutional authority to overturn a stateâ€™s electoral votes,â€ Scott said, â€œso I upheld my oath to the Constitution and voted to certify the election.â€//Senior Politics Reporter, HuffPost//
Do you have information you want to share with HuffPost? 
    Hereâ€™s how.", 5.8%
"Biden Calls COVID Testing Situation 'Frustrating,' Vows Improvements", "Reporter, HuffPost//Reporter, HuffPost//President Joe Biden acknowledged Tuesday how â€œfrustratingâ€ it is for Americans trying to access COVID-19 tests during this recent surge in cases but said the situation should soon be rectified. //â€œI know this remains frustrating,â€ Biden said. â€œBelieve me, itâ€™s frustrating to me. But weâ€™re making improvements. In the past two weeks, weâ€™ve stood up federal testing sites all over the country. Weâ€™re adding more each and every day,â€ he added, though he didnâ€™t specify how many.//Pres. Biden calls COVID testing situation "frustrating," but "we're making improvements," citing additional federal testing sites."With more capacity for in-person tests, we should see waiting lines shorten and more appointments freed up." https://t.co/gqHexmrKEH pic.twitter.com/DREopUvd3a//â€œWith more capacity for in-person testing, we should see waiting lines shortened and more appointments freed up,â€ he continued.//About $10 billion has been sent to states to facilitate testing at schools, he added.//The U.S. is also doubling its order of Pfizer-BioNTechâ€™s pill for treating the virus to 20 million treatment courses, Biden said, calling it a â€œgame-changingâ€ drug.//As the highly contagious omicron variant of the virus sweeps the nation, appointments for in-person COVID-19 tests have booked up far in advance, and wait times for pop-up testing sites are hourslong in many places. Highly sought-after at-home rapid tests have become scarce in drugstores, even with retailers rationing how many people may purchase. //Biden said testing at home should soon become easier, too. Starting next week, insurance companies will be required to reimburse tests people buy, and the federal government is launching a website this month for people to request free tests. //Last week, the Defense Department announced a $137 million contract to increase production of a key component of rapid COVID-19 tests.//But for many, the tests canâ€™t come fast enough. Though the vaccines appear to be highly effective at minimizing symptoms of COVID-19 in people who have had their full dosage, cases are still soaring, putting immunocompromised people at serious risk and overwhelming hospitals. On Monday, the U.S. reported a million new cases, shattering previous records. //Hospitalization numbers are high, too. More than 100,000 Americans are currently hospitalized with the virus â€• a figure the country has surpassed only twice before. More than a quarter of the nationâ€™s intensive care beds are occupied by COVID-19 patients. //Reporter, HuffPost//
Do you have information you want to share with HuffPost? 
    Hereâ€™s how.", 9.3%
"Joe Biden To Speak At Capitol On First Anniversary Of Jan. 6 Riot", "Washington Bureau Chief, HuffPost//Washington Bureau Chief, HuffPost//Join HuffPost and BuzzFeed News for a Twitter Spaces conversation about how the Capitol riot is still altering U.S. politics on Jan. 4 at 1 p.m. ET. Sign up to be notified when the Space begins here.//President Joe Biden and Vice President Kamala Harris will deliver remarks at the U.S. Capitol on Thursday morning, commemorating the first anniversary of the deadly attack on the building. //The Senate will be in session, but the House will not. House Speaker Nancy Pelosi (D-Calif.) said there will nevertheless be events to mark the day, including a prayer vigil, moment of silence on the House floor and a conversation between historians Doris Kearns Goodwin and Jon Meacham â€œto establish and preserve the narrative of January 6th.â€//Lawmakers will also be invited to share their memories and accounts of the attack, an event presided over by Rep. Jason Crow (D-Colo.). Crow is a part of an informal group of members known as the â€œgallery groupâ€ â€• lawmakers who were stuck in the House gallery as the attack unfolded. He was captured in a photo from that day comforting Rep. Susan Wild (D-Pa.). //Former President Donald Trump will also speak Thursday, at a press conference that evening at Mar-a-Lago. //On Jan. 6 last year, Trump urged his supporters to march to the Capitol and stop lawmakers â€• as well as his own vice president â€• from certifying the election results for Biden. //Since that time, Trump has continued to insist that the 2020 election was stolen from him, and he has stated that the â€œreal insurrectionâ€ happened on Nov. 3 â€• Election Day, when he lost â€• and not Jan. 6. //Washington Bureau Chief, HuffPost//
Do you have information you want to share with HuffPost? 
    Hereâ€™s how.", 5.3%
"U.S. And Russia Face Deep Differences Ahead Of Ukraine Talks", "WILMINGTON, Del. (AP) â€” After tough talk between Presidents Joe Biden and Vladimir Putin over the Russian troop buildup on the Ukraine border, both sides insist they are hopeful that a pathway to easing tensions could open during diplomatic talks set for January.//WILMINGTON, Del. (AP) â€” After tough talk between Presidents Joe Biden and Vladimir Putin over the Russian troop buildup on the Ukraine border, both sides insist they are hopeful that a pathway to easing tensions could open during diplomatic talks set for January.//But with less than two weeks to go before senior U.S. and Russian officials are to meet in Geneva, the chasm is deep and the prospect of finding an exit to the crisis faces no shortage of complications.//Biden on Friday told reporters that he advised Putin when they spoke by phone a day earlier that the upcoming talks could only work if the Russian leader â€œdeescalated, not escalated, the situationâ€ in the days ahead. The U.S. president said he also sought to make plain to Putin that the U.S. and allies stood ready to hit Russia with punishing sanctions if the Russians further invade Ukraine.//â€œI made it clear to President Putin that if he makes any more moves into Ukraine we will have severe sanctions,â€ Biden said. â€œWe will increase our presence in Europe with NATO allies.â€//Meanwhile, Bidenâ€™s national security team on Friday turned their attention to preparation for the Geneva talks, set for Jan. 9 and 10, to discuss the Russian massing of some 100,000 troops on its border with Ukraine.//The Geneva talks, which are to be led on the U.S. side by senior State Department officials, are slated to be followed by Russia-NATO council talks and a meeting of the Organization for Security and Co-operation in Europe.//Biden is scheduled to speak by phone Sunday with Ukraine President Volodymyr Zelenskyy. The two leaders plan to review preparations for the upcoming diplomatic engagements, according to the White House.//Secretary of State Antony Blinken on Friday debriefed Canadian Foreign Minister MÃ©lanie Joly, Italian Foreign Minister Luigi Di Maio and NATO Secretary General Jens Stoltenberg on the Biden-Putin call and discussed preparations for the upcoming summit.//â€œThe two weeks ahead are going to be tough,â€ said Daniel Fried, a former U.S. ambassador to Poland who was a top adviser on Eastern Europe to Presidents Barack Obama, George W. Bush and Bill Clinton. â€œThe Biden administration has done a pretty credible job of outlining, framing up the negotiations. But the toughest test is yet to come because Putin will continue to engage in threats and brinksmanship to see how determined we are.â€//While Biden reiterated that he stood ready to exact sanctions that would reverberate throughout Russia, Kremlin officials doubled down on its warning to Biden about making a â€œcolossal mistakeâ€ that could have enormous ramifications for an already fraught U.S.-Russian relationship.//A top Putin aide on Friday reinforced that Russia stands by its demands for written security guarantees. Moscow wants it codified that any future expansion of NATO must exclude Ukraine and other former Soviet bloc countries and demands that the bloc remove offensive weaponry from countries in the Russian neighborhood.//â€œWe will not allow our initiatives to be drowned in endless discussions,â€ Foreign Minister Sergey Lavrov told the state RIA-Novosti news agency Friday. â€œIf no constructive answer comes in a reasonable time and the West continues its aggressive course, Russia will have to take all necessary measures to maintain a strategic balance and remove unacceptable threats to our security.â€//The Biden administration and NATO allies have made clear that the Russian demands are non-starters.//The seemingly unrealistic rhetoric has made some in Washington question of how effective talks can be.//Following the Biden-Putin call, a group of 24 former U.S. national security officials and Russia experts- â€” a group that includes several officials who served in the Obama, George W. Bush and Clintonâ€™s administrations â€” released a statement calling on Biden to immediately, and publicly, lay out the penalties Russia would face if Putin were to move forward with military action.//The signatories of the statement included several former U.S. ambassadors, including Fried, Russia envoys Michael McFaul and Alexander Vershbow, and Ukraine envoys Steven Pifer and John Herbst.//â€œWe believe the United States should, in closest consultation with its NATO allies and with Ukraine, take immediate steps to affect the Kremlinâ€™s cost-benefit calculations before the Russian leadership opts for further military escalation,â€ the group wrote. â€œSuch a response would include a package of major and painful sanctions that would be applied immediately if Russia assaults Ukraine. Ideally, the outline of these sanctions would be communicated now to Moscow, so that the Kremlin has a clear understanding of the magnitude of the economic hit it will face.â€//The Russians for their part continue to make the case that they are facing an existential threat with Ukraine.//Lavrov on Friday noted an increase in weapons supplies to Ukraine and the growing number and scope of joint military drills conducted by Western powers with Ukraine, charging that â€œthe Kyiv regime naturally perceives this support as a carte blanche for the use of force.â€ He added that Russia will protect its citizens living in eastern Ukraine.//â€œAs for residents of Donbas, where hundreds of thousands of our citizens live, Russia will take all necessary measures to protect them,â€ he said. â€œAn adequate response will be given to any possible military provocations by Kyiv against Donbas.â€//Simon Miles, a diplomatic and international historian of the Cold War at Duke University, said it would be a mistake for the White House to let â€œRussia unilaterally set the tempo of what is about to unfold.â€//â€œWhatever the U.S. can do to keep the Russians on their back foot, as opposed to letting the Kremlin set the agenda, is going to be important to securing a favorable resolution,â€ Miles said.//â€”-//Associated Press writer Vladimir Isachenkov in Moscow contributed to this report.", 8.1%
"Biden, Putin Hold Call As Tensions Mount Over Ukraine Crisis", "WILMINGTON, Del. (AP) â€” Presidents Joe Biden and Vladimir Putin spoke Thursday amid growing alarm over  Russiaâ€™s troop buildup  near Ukraine, a simmering crisis that has become further complicated in recent days as the Kremlin has stepped up its calls for security guarantees and test fired hypersonic missiles to underscore its demands.//WILMINGTON, Del. (AP) â€” Presidents Joe Biden and Vladimir Putin spoke Thursday amid growing alarm over  Russiaâ€™s troop buildup  near Ukraine, a simmering crisis that has become further complicated in recent days as the Kremlin has stepped up its calls for security guarantees and test fired hypersonic missiles to underscore its demands.//Putin requested the call, the second between the leaders this month, ahead of scheduled talks between senior U.S. and Russian officials set for Jan. 10 in Geneva.//White House officials said that the call began at 3:35 p.m. EST.//Russia has made clear it wants a written commitment that Ukraine will never be allowed to join NATO and that the allianceâ€™s military equipment will not be positioned in former Soviet states, demands that the Biden administration has made clear are non-starters.//The White House said ahead of the call that Biden would tell Putin that a diplomatic path remains open even as the Russians have moved an estimated 100,000 troops toward Ukraine and Kremlin officials have turned up the volume on its demands for new guarantees from the U.S. and NATO.//Those demands are to be discussed during the talks in Geneva, but it remains unclear what, if anything, Biden would be willing to offer Putin in exchange for defusing the crisis.//Draft security documents Moscow submitted demand that NATO deny membership to Ukraine and other former Soviet countries and roll back its military deployments in Central and Eastern Europe.//The U.S. and its allies have refused to offer Russia the kind of guarantees on Ukraine that Putin wants, citing NATOâ€™s principle that membership is open to any qualifying country. They agreed, however, to hold talks with Russia to discuss its concerns.//The security proposal by Moscow has raised the question of whether Putin is making unrealistic demands in the expectation of a Western rejection that would give him a pretext to invade.//Steven Pifer, a career foreign service officer who served as U.S. ambassador to Ukraine in the Clinton administration, said the Biden administration could engage on some elements of Russiaâ€™s draft document if Moscow is serious about talks.//Key NATO members have made clear there is no appetite for expanding the alliance in the near future. The U.S. and allies could also be receptive to language in the Russiansâ€™ draft document calling for establishing new consultative mechanisms, such as the NATO-Russia Council and a hotline between NATO and Russia.//â€œThe draft treatyâ€™s proposed bar on any NATO military activity in Ukraine, eastern Europe, the Caucasus, or Central Asia is an overreach, but some measures to limit military exercises and activities on a reciprocal basis might be possible,â€ Pifer, who is now a senior fellow at Brookings Institution,  wrote in an analysis for the Washington think tank.//Biden planned to tell Putin that for there to be â€œreal progressâ€ in the talks they must be conducted in â€œa context of de-escalation rather than escalation,â€ according to a senior administration official who briefed reporters before the call. The official spoke on the condition of anonymity.//The call was set up on Putinâ€™s initiative, Kremlin spokesperson Dmitry Peskov said Thursday.//â€œThe goal of the conversation is clear â€” to continue discussing the issues that were on the agenda during the recent conversation via video conference,â€ Peskov told reporters. That Dec. 7 call focused on the Russian troop movements, which have unsettled Ukraine and other European allies, as well as Moscowâ€™s demand for security guarantees.//Peskov noted that since that call, Moscow submitted its security proposals to U.S. and European officials and now â€œfrom our point of view, from the point of view of President Putin, the need has arisen for another telephone conversation, which would preface the upcoming talks.â€//Biden and Putin, who met in Geneva in June to discuss an array of tensions in the U.S.-Russia relationship, are not expected to take part in the January talks.//In the Dec. 7 video call, the White House said Biden put Moscow on notice that an invasion of Ukraine would bring sanctions and enormous harm to the Russian economy. Russian officials have dismissed the sanction threats.//Last week, Russia test-fired Zircon hypersonic missiles, a provocative move that Peskov said was meant to help make Russiaâ€™s push for security guarantees â€œmore convincing.â€ The test was the first time Zircon missiles were launched in a salvo, indicating the completion of tests before the new missile enters service with the Russian navy next year and arms its cruisers, frigates and submarines.//Moscow and NATO representatives are expected to meet in the days after the Geneva talks, as are Russia and the Organization for Security and Co-operation in Europe, which includes the United States.//Russia has denied an intention of launching an invasion and, in turn, accused Ukraine of hatching plans to try to reclaim control of the territories held by Moscow-backed rebels by force. Ukraine has rejected the claim.//At the same time, Putin has urged the West to move quickly to meet his demands, warning that Moscow will have to take â€œadequate military-technical measuresâ€ if the West continues its â€œaggressiveâ€ course â€œon the threshold of our home.â€//As Biden prepared for the talks with Putin, the administration also sought to highlight the commitment to Ukraine and drive home that Washington is committed to the â€œprinciple of nothing about you without youâ€ in shaping policy that affects European allies.//Secretary of State Antony Blinken spoke on Wednesday with Ukrainian President Volodymyr Zelenskyy. State Department spokesperson Ned Price said Blinken â€œreiterated the United Statesâ€™ unwavering support for Ukraineâ€™s independence, sovereignty, and territorial integrity in the face of Russiaâ€™s military buildup on Ukraineâ€™s borders.â€//In Thursdayâ€™s call, Biden is expected to stress to Putin that the U.S. is united with its allies but will demonstrate a willingness to engage in â€œprincipled diplomacyâ€ with Russia, the administration official said.//But past military incursions by Putin loom large.//In 2014, Russian troops marched into the Black Sea peninsula of Crimea and seized the territory from Ukraine. Russiaâ€™s annexation of Crimea was one of the darker moments for President Barack Obama on the international stage.//The U.S.-Russia relationship was badly damaged near the end of President George W. Bushâ€™s administration after Russiaâ€™s 2008 invasion of its neighbor Georgia after Georgian President Mikheil Saakashvili ordered his troops into the breakaway region of South Ossetia.//The two leaders are also expected during Thursdayâ€™s call to discuss efforts to persuade Iran to return to the 2015 nuclear accord, which was effectively scrapped by the Trump administration.//Despite differences on Ukraine and other issues, White House officials have said the Iran nuclear issue is one where they believe the U.S. and Russia can work cooperatively.//Biden, who is spending the week in his home state of Delaware, spoke to Putin from his home near Wilmington.//Ahead of the call, Putin sent a telegram to Biden with New Yearâ€™s and Christmas wishes, which was posted on the Kremlin site on Thursday, along with other holiday messages to world leaders.//â€œI am convinced that in the development of our agreements reached during the June summit in Geneva and subsequent contacts that we can move forward and establish an effective Russian-American dialogue based on mutual respect and in consideration of each otherâ€™s national interests,â€ Putin wrote.//___//Associated Press writers Dasha Litvinova and Vladimir Isachenkov in Moscow contributed to this report.", 8.5%
"Biden Orders Flags Be Flown At Half-Staff In Honor Of Harry Reid", "Reporter, HuffPost//Reporter, HuffPost//President Joe Biden has ordered that U.S. flags be flown at half-staff to honor former Senate Majority Leader Harry Reid on the day of his funeral.//Flags must be lowered at the White House, all public buildings and grounds, military posts and at various American facilities abroad on the day of Reidâ€™s interment, Biden announced Wednesday.//â€œThroughout his long career of public service, Harry Reid was instrumental in passing landmark legislation that made a positive difference in the lives of countless Americans and made our Nation stronger and safer,â€ Biden said in a statement Monday. â€œHis devoted service to our Nation was not about power for powerâ€™s sake. It was about the power to do right by the American people.â€//Reid, a Democrat who represented Nevada in the U.S. Senate for 30 years until his retirement in 2017, died Tuesday at age 82. He was recognized as one of the most powerful figures in the history of the Democratic Party â€• a role he ascended to from a childhood spent growing up in a house built out of old railroad ties.//â€œHe was a man of action, and a man of his word â€” guided by faith, loyalty, and unshakeable resolve,â€ Biden said Wednesday.//Landra Reid, Reidâ€™s wife of 62 years, said funeral arrangements will be announced in coming days.//â€œWe greatly appreciate the outpouring of support from so many over these past few years,â€ she said Tuesday. â€œWe are especially grateful for the doctors and nurses that cared for him. Please know that meant the world to him.â€//Reporter, HuffPost//
Do you have information you want to share with HuffPost? 
    Hereâ€™s how.", 14.9%
"Biden, Putin To Hold Call Over Stepped Up Security Demands", "REHOBOTH BEACH, Del. (AP) â€” President Joe Biden and Vladimir Putin will speak Thursday as the Russian leader has stepped up his demands for security guarantees in Eastern Europe.//REHOBOTH BEACH, Del. (AP) â€” President Joe Biden and Vladimir Putin will speak Thursday as the Russian leader has stepped up his demands for security guarantees in Eastern Europe.//The two leaders will discuss â€œa range of topics, including upcoming diplomatic engagements,â€ National Security Council spokeswoman Emily Horne said in a statement announcing the call.//The talks come as the U.S. and Western allies have watched the buildup of Russian troops near the border of Ukraine, growing to an estimated 100,000 and fueling fears that Moscow is preparing to invade Ukraine.//Secretary of State Antony Blinken spoke on Wednesday with Ukrainian President Volodymyr Zelenskyy.//State Department spokesman Ned Price said Blinken â€œreiterated the United Statesâ€™ unwavering support for Ukraineâ€™s independence, sovereignty, and territorial integrity in the face of Russiaâ€™s military buildup on Ukraineâ€™s borders.â€//Price said the two discussed efforts to peacefully resolve the conflict in eastern Ukraine and upcoming diplomatic engagements with Russia.//Putin said earlier this week he would ponder a slew of options if the West fails to meet his push for security guarantees precluding NATOâ€™s expansion to Ukraine.//Earlier this month, Moscow submitted draft security documents demanding that NATO deny membership to Ukraine and other former Soviet countries and roll back its military deployments in Central and Eastern Europe.//
Do you have information you want to share with HuffPost? 
    Hereâ€™s how.", 12.1%
"The Biden Administration Is Treating the Pandemic Like A Personal Problem", "////Why does December 2021 feel so much like March 2020?//That was the fateful month when the World Health Organization officially declared the novel coronavirus a pandemic. The NBA shut down, and former president Donald Trump banned travel from much of Europe. Offices scrambled to send their employees home and parents tried to navigate child care while schools shut down. Essential workers braced for the worst. //Since then, weâ€™ve learned of the efficacy of masks and social distancing. Vaccines and boosters are widely available, as are treatments. And thereâ€™s even a new administration.//â€œWe are looking at a winter of severe illness and death for the unvaccinated â€” for themselves, their families and the hospitals theyâ€™ll soon overwhelm,â€ President Joe Biden recently said at a White House press briefing. â€œBut thereâ€™s good news: If youâ€™re vaccinated and you have your booster shot, youâ€™re protected from severe illness and death.â€//While this statement may be true, itâ€™s simply the liberal version of treating a pandemic as a personal responsibility rather than a collective one.//Where is the national testing strategy and contact tracing? Where is the push for economic aid to the industries and workers that remain hard hit? Telling off anti-vaxxers may be cathartic, but itâ€™s not exactly a national public health strategy. Almost two years into the pandemic, a federally led collective response is still woefully lacking.//The shortcomings of our national plan are exemplified by the Centers for Disease Control and Preventionâ€™s new recommendation that infected people can shorten their quarantine time from 10 days to five if they are asymptomatic. //Yes, science evolves. But itâ€™s hard to believe the agencyâ€™s decision was based solely on science when the recommendation was also accompanied by an acknowledgment that too many workers in quarantine could hurt businesses.//â€œWe want to make sure there is a mechanism by which we can safely continue to keep society functioning while following the science,â€ CDC director Rochelle Walensky said. So, is it about stopping the spread ... or getting people back to work?//Shortening quarantine times while the country smashes previous infection records is enough to give even the most well-informed people whiplash.//The ensuing confusion over the new recommendation brought to light just how little confidence the American public has in the nationâ€™s top public health agency; not a great sign for a president who promised a â€œrobustâ€ federal health response.//When Trump left office, the official COVID death toll hit 400,000. Nearly one year later, the grim number is at more than 815,000. It wasnâ€™t supposed to be like this.//Consider the early days of the pandemic. The Trump administration wasnâ€™t even entirely convinced that COVID was a real problem. Despite mounting deaths, the former president spent most of his days downplaying the severity of illness and pushing to â€œreopenâ€ the economy. The countryâ€™s first and only attempt at a lockdown lasted approximately four weeks, a period that was supposed to slow transmission of the virus while allowing the federal government to increase testing capacity and hospitals to increase capacity.//But by May 2020, Republican governors, itching to get people to spend money, allowed restaurants, gyms and concert venues to reopen their doors. Eating at a chain restaurant was apparently a God-given right and any attempt to blunt the effects of the pandemic was an infringement of that individual freedom. Meanwhile, economic aid rolled out slowly, widespread testing remained unavailable and hospitals were tragically overwhelmed.//The Trump administrationâ€™s non-plan forced the country into a patchwork of solutions. If you were lucky, your governor issued a mask mandate, limited mass gatherings and created virtual learning options for schoolchildren. But if your governor prayed at the altar of Trumpism, you were largely left to fend for your own.//By this fall, much of the financial aid packages passed by Congress had expired. Then in November, South African virologists announced that they had discovered a new coronavirus variant. Since then, omicron has spread rapidly around the globe and currently accounts for the vast majority of new cases in the U.S. But almost two years into the pandemic, getting tested for the virus can still be an uphill battle, whether one goes to a publicly-run site or tries to find rapid tests to take at home.//Despite this, White House press secretary Jen Psaki still scoffed at a reporter who asked her about tests earlier this month. //â€œShould we just send one to every American?â€ Psaki asked sarcastically despite the fact that other countries like the United Kingdom do just that.//Later, the White House announced that it would, in fact, be sending out rapid tests to American households starting in January. However, the plan was slim on details; we know that people will have to use a website to request them. Good thing federal government-run websites donâ€™t have a history of being complete trainwrecks.//Omicron isnâ€™t the first time the virus has mutated. When the delta variant began spreading here in July, it caused a surge. But Vice President Kamala Harris said during an interview with the Los Angeles Times that the administration â€œdidnâ€™t seeâ€ the omicron variant coming. An adviser later noted that Harris was referring to the exact mutations. //It would be unfair to say that Trumpâ€™s and Bidenâ€™s responses to the pandemic are the same. After all, even after Trump contracted COVID, he continued to downplay the threat. He continuously mocked mask-wearing and, in his final few weeks in office, quietly got vaccinated himself but failed to promote the vaccine. Biden has had to deal with Republican governors and those in Congress hellbent on blocking any Democratic efforts, and he certainly didnâ€™t invent Americaâ€™s penchant for rabid individualism. //But if the president is ultimately responsible for his countryâ€™s collective pandemic response, then Biden will have to shoulder some of the blame. //", 7.6%
"If You Like All The New Progressive Federal Judges, Thank Trump For Sabotaging Georgia", "Senior White House Correspondent, HuffPost//Senior White House Correspondent, HuffPost//WASHINGTON â€• If you like all the progressive judges that President Joe Biden has put on the federal bench since taking office, you can thank the one person without whom it could never have happened: Donald Trump.//The former presidentâ€™s sabotage of two Georgia Senate runoffs in early January with his endless lies about â€œmassive fraudâ€ having cost him reelection almost certainly cost the two Republican incumbents their seats, giving Democrats control of the chamber and the ability to push through judicial nominations without a single GOP vote.//â€œTrump handed it to them,â€ said Carl Tobias, a law professor at the University of Richmond in Virginia who studies federal judicial appointments, adding that Bidenâ€™s record-tying string of 40 district and appellate court judges in his first year would have been impossible in a Republican-controlled Senate. â€œThey just wouldnâ€™t have had the votes. I donâ€™t know what they would have done.â€//Biden has won praise from across the Democratic spectrum for judicial picks that have put Native American and other ethnic and racial minorities and members of the LGBTQ community on the federal bench. Biden has also drawn from a broader range of professional backgrounds â€• public defenders and voting rights attorneys, for example, rather than just prosecutors and corporate lawyers â€• than previous presidents, even previous Democratic presidents. Of the 40 Biden judges confirmed so far (35 more are already in the pipeline), a full 80% are women.//â€œI think very few of those people would have been confirmed,â€ Tobias said. â€œBiden would have pulled back and â€¦ chosen more moderates, picked more people who were less ideologically liberal.â€//Among presidents in the last half century, only Republican Ronald Reagan was able to put as many judges on the federal bench in his first year. Trump, for example, was able to get only 18 seated in his first year.//Yet those nominees would have faced a much tougher path in a Senate run by Mitch McConnell with a 52-48 Republican majority, which appeared as if it would be the outcome in November 2020 after the votes were counted in Georgia with no candidate in either of the two Senate races receiving over 50%.//Georgia law requires a runoff in such cases, which in recent years have favored Republicans because of their more dutiful voters and their superior turnout operation. That historical advantage, though, was thrown away last January by the then-president, who was angry that he had lost Georgia and Arizona, two reliable GOP states, on his way to losing to Biden by 7 million votes nationally.//In interview after interview, speech after speech, Trump pushed the falsehood that the Nov. 3 election had been rigged against him, including in Georgia, where the rigging had been done by Gov. Brian Kemp and Secretary of State Brad Raffensperger, both Republicans.//â€œThereâ€™s no way we lost Georgia. Thereâ€™s no way. That was a rigged election,â€ Trump said right at the start of a Jan. 4 rally that was ostensibly to support Republican Sens. Kelly Loeffler and David Perdue.//The end result, Trumpâ€™s election eve rally notwithstanding: GOP voters stayed home in droves while Democrat Stacey Abramsâ€™ massive turnout effort helped Raphael Warnock defeat Loeffler and Jon Ossoff overtake Perdue.//According to an analysis by the Atlanta Journal-Constitution, 752,000 Georgians who cast ballots on Nov. 3, 2020, failed to do so on Jan. 5, 2021, with a disproportionate number of those no-shows coming from Republican strongholds, particularly the two areas of the state where Trump had held rallies. Meanwhile, 228,000 residents who had not voted in the general election did so in the runoff, most of whom were from Black and other minority communities, and nearly half of whom were younger than 35.//Warnock and Ossoff both come in second in their November 2020 races. Warnock won his runoff by 93,000 votes, and Ossoff won by 55,000.//Erick Erickson, a conservative radio talk-show host based in Atlanta, said Trump made it a loyalty test to go along with his false claims of a stolen election, and top Georgia Republicans, such as Congresswoman Marjorie Taylor Greene and state party chairman David Shafer, were happy to comply.//â€œIt wasnâ€™t just Trump. It was him, the state party chair, Marjorie Taylor Greene, etc., all screaming that the election was stolen and they were going to steal it again. Trump was certainly the loudest voice about it,â€ Erickson said. â€œHad they shut up, I donâ€™t think youâ€™d have seen 400,000-plus Republicans sit out the runoff.â€//Without Trumpâ€™s sabotage, McConnell would likely have held a four-seat margin, and Biden would have faced the same roadblocks that Democrat Barack Obama faced in his final two years in the White House after McConnell became the Senate majority leader following the 2014 midterm elections.//â€œIf Biden were able to get a half dozen judges through, most likely only district courts, in a McConnell-led Senate, that would be because Mitch was feeling especially generous,â€ said Norm Ornstein, a scholar at the conservative-leaning American Enterprise Institute. â€œAnd Mitch does not feel generous.â€//â€œThe makeup of the federal judiciary is his legacy, and it is one to which he would go to great lengths to protect,â€ Mac Stipanovich, a longtime GOP consultant in Florida, said of McConnell. â€œBiden got lucky when Trump screwed the pooch in Georgia.â€//Trump, nevertheless, has continued lying about the 2020 presidential election and has even actively recruited candidates to run against Kemp and Raffensperger in the Republican primary next year. In recent statements, he has blamed both Kemp and â€• inexplicably â€• McConnell for losing the two Senate seats rather than accepting any blame himself.//â€œHe has all the cards to win, but not the â€˜gutsâ€™ to play them. Instead, he gives our Country away, just like he did with the two Senate seats in Georgia, and the Presidency itself,â€ Trump said about McConnell in a statement he released Dec. 8, two days after claiming that Kemp â€œcost us two Senate seats and a Presidential victory in the Great State of Georgia.â€//Trumpâ€™s political action committee staff did not respond to HuffPost queries about the statements.//Trump, despite losing the election by 7 million votes overall and by 306-232 in the Electoral College, became the first president in more than two centuries of elections to refuse to hand over power peacefully. His incitement of the Jan. 6 assault on the Capitol â€“ his last-ditch attempt to remain in office â€• killed five, including one police officer, injured another 140 officers and led to four police suicides.//Notwithstanding this, Trump remains the dominant figure in the Republican Party and is openly speaking about running for the presidency again in 2024. //Senior White House Correspondent, HuffPost//
Do you have information you want to share with HuffPost? 
    Hereâ€™s how.", 7.0%
