"Obama Honors The Late Sen. Harry Reid As A Man 'Who Got Things Done'", "LAS VEGAS (AP) â€” Former President Barack Obama commemorated late Senate Majority Leader Harry Reid on Saturday as a man â€œwho got things done,â€ as Democratic leaders gathered to recall Reid â€” often laughingly â€” as a man whose impatience for pleasantries was part of a drive to improve the lives of ordinary Americans.//LAS VEGAS (AP) â€” Former President Barack Obama commemorated late Senate Majority Leader Harry Reid on Saturday as a man â€œwho got things done,â€ as Democratic leaders gathered to recall Reid â€” often laughingly â€” as a man whose impatience for pleasantries was part of a drive to improve the lives of ordinary Americans.//The turnout at Reidâ€™s Las Vegas memorial service testified to his impact on some of the most important legislation of the 21st century, despite coming from a childhood of poverty and deprivation in Nevada. President Joe Biden escorted Reidâ€™s widow, Landra Reid, to her seat at the outset of services, before an honor guard bore the flag-draped casket to the well of a hushed auditorium.//Reid died Dec. 28 at home in Henderson, Nevada, at 82 of complications from pancreatic cancer.//â€œLet there be no doubt. Harry Reid will be considered one of the greatest Senate majority leaders in history,â€ Biden said. Speakers credited Reidâ€™s work on strengthening health care and on Wall Street reform and economic recovery in the wake of the 2008 recession, as part of what is considered one of the most consequential congressional sessions of modern times.//Biden, House Speaker Nancy Pelosi and Senate Majority Leader Chuck Schumer, who described Reid to mourners as a â€œtruly honest and original character,â€ spoke during an invitation-only memorial.//Obama, who credits Reid for his rise to the White House, delivered the eulogy.//When Reid helped pass the Affordable Care Act at the start of Obamaâ€™s first term, â€œhe didnâ€™t do it to burnish his own legacy,â€ Obama said. When Reid was a boy, Obama explained, Reidâ€™s family was so poor that â€œhe didnâ€™t even knowâ€ what health care was. When a tooth went bad, his father pulled it himself. A brother let a broken leg heal on its own.//In Reidâ€™s work in Washington, â€œhe did it for the people back home and families like his, who needed somebody looking out for them, when nobody else did. Harry got things done,â€ Obama said.//â€œThe thing about Harry, He never gave up. He never gave up. He never gave up on anybody who cared about him,â€ said Biden, who served for two decades with Reid in the Senate and worked with him for eight years when Biden was vice president.//â€œIf Harry said he was going to do something, he did it,â€ Biden added. â€œYou could bank on it.â€//A running and humorous theme throughout the funeral was â€˜Harry Reidingâ€™ â€” Reidâ€™s habit of abruptly ending telephone conversations without saying goodbye.//â€œI have to tell you, every time I hear a dial tone, I think of Harry,â€ Biden told mourners.//Reidâ€™s son Leif sought to explain his fatherâ€™s well-known habit, a move that sometimes left the other person â€” whether powerful politicians or close family â€” chatting away for several minutes before realizing he was no longer there.//â€œI probably got hung up on the most by Harry Reid, two or three times a day, for 12 years,â€ Pelosi said.//â€œSometimes I even called him back and said Harry, â€™I was singing your praises,â€ Pelosi said. To which Reid replied: â€œI donâ€™t want to hear it,â€ she said, before sheâ€™d hear the phone click dead again.//Leif Reid said that was â€œpart of the narrativeâ€ of his fatherâ€™s life, and a gesture about Reid preserving time for family.//â€œWhen he hung up on you, maybe so quickly, it isnâ€™t as much about him being brusque as it is about him being devoted to my mom,â€ Leif Reid said. All four of his siblings also spoke at the memorial service.//Reid served for 34 years in Washington and led the Senate through a crippling recession and the Republican takeover of the House after the 2010 elections.//Harry Mason Reid hitchhiked 40 miles (64 kilometers) to high school and was an amateur boxer before he was elected to the Nevada state Assembly at 28. He had graduated from Utah State University and worked nights as a U.S. Capitol police officer while attending George Washington University Law School in Washington.//In 1970, at age 30, he was elected state lieutenant governor with Democratic Gov. Mike Oâ€™Callaghan. Reid was elected to the House in 1982 and the Senate in 1986.//He built a political machine in Nevada that for years helped Democrats win key elections. When he retired in 2016 after an exercise accident at home left him blind in one eye, he picked former Nevada Attorney General Catherine Cortez Masto to replace him.//Cortez Masto became the first woman from Nevada and the first Latina ever elected to the U.S. Senate.//Reidâ€™s body will be flown to Washington to lie in state at the Capitol rotunda, and another ceremony will be held there on Wednesday.//The host of Saturdayâ€™s Las Vegas services, Marcus Faust, said Reidâ€™s casket will return to Nevada for burial at the family plot in Searchlight.//
Do you have information you want to share with HuffPost? 
    Hereâ€™s how.", 8.1%
"Barack Obama On Legendary Actor Sidney Poitier: A Performer Of 'Singular Talent'", "Associate Reporter, HuffPost//Associate Reporter, HuffPost//Former President Barack Obama expressed admiration Friday for the legendary actor Sidney Poitier, whose death at age 94 was reported earlier that day.//â€œThrough his groundbreaking roles and singular talent, Sidney Poitier epitomized dignity and grace, revealing the power of movies to bring us closer together,â€ Obama said in a statement via Twitter. â€œHe also opened doors for a generation of actors. Michelle and I send our love to his family and legion of fans.â€//Through his groundbreaking roles and singular talent, Sidney Poitier epitomized dignity and grace, revealing the power of movies to bring us closer together. He also opened doors for a generation of actors. Michelle and I send our love to his family and legion of fans. pic.twitter.com/zkYKFSxfKA//In 2009, Obama presented Poitier with the Presidential Medal of Freedom. At that ceremony, Poitier was praised as a performer whoâ€™d â€œleft an indelible mark on American cultureâ€ and helped â€œadvance the nationâ€™s dialogue on race and respect.â€//The Bahamian-American actor broke color barriers in the 1950s and 1960s with a wide range of roles that challenged the status quo of Hollywood. He became the first Black man to win an Oscar, taking home the honor for his leading role in the 1963 film â€œLilies of the Field.â€//The news of Poitierâ€™s death was shared Friday by the minister of foreign affairs in the Bahamas, but further details were not immediately available.//Associate Reporter, HuffPost", 12.4%
"Obama: Jan. 6 Insurrection Exposed Fragility Of America", "Associate Reporter, HuffPost//Associate Reporter, HuffPost//Former President Barack Obama said Thursday that the Jan. 6 insurrection â€œmade it clear just how fragile the American experiment in democracy really is.â€//On the first anniversary of the attack, the 44th president said in a statement on Twitter that â€œour democracy is at a greater risk todayâ€ than it was one year ago, and chastised political leaders â€œwilling to fabricate lies and cast doubt on the results of free and fair elections.â€//One year ago, a violent attack on our Capitol made it clear just how fragile the American experiment in democracy really is. Hereâ€™s my statement on what the anniversary means, and what we need to do today. pic.twitter.com/9rjbjPLwLH//Former President Jimmy Carter also shared concern for democracy in an op-ed published in The New York Times on Wednesday.//â€œWithout immediate action, we are at genuine risk of civil conflict and losing our precious democracy,â€ Carter wrote. â€œAmericans must set aside differences and work together before it is too late.â€//President Joe Biden on Thursday denounced Donald Trump and fellow Republicans whose â€œshadow of liesâ€ provoked the insurrection, and urged Americans to â€œdecide what kind of nation we are going to be.â€//For more HuffPost coverage of Jan. 6, go here.//Associate Reporter, HuffPost", 8.2%
"Michelle Obama And Her 'Boo' Barack Ring In 2022 With A Whole New Vibe", "Senior Reporter, HuffPost//Senior Reporter, HuffPost//May we all enter into 2022 with just a sliver of the energy former President Barack Obama and former first lady Michelle Obama are bringing into the new year. //Looking happy, healthy and sock-less (or did Barack invest in some no-shows?) the couple celebrated New Yearâ€™s Eve in style, rocking matching themed 2022 glasses and coordinating all-black ensembles. //With her hand draped over her â€œbooâ€ Barack, who pulled her in close, Michelle Obama sent her millions of followers well-wishes to close out 2021. //â€œHappy New Year from me and my boo!   Wishing you all a year filled with happiness, love, and good health,â€ she wrote Saturday evening alongside the photo, which has already racked up over 4 million likes on Instagram. //Happy New Year from me and my boo! ğŸ‰ğŸ¥³ Wishing you all a year filled with happiness, love, and good health. pic.twitter.com/FRR0DDZjw9//Earlier in the day, Barack also sent out a New Yearâ€™s Day tweet about why heâ€™s â€œhopefulâ€ heading into 2022. //â€œThis year will undoubtedly have its challenges, just like 2021 did,â€ he wrote. â€œBut weâ€™ve made it this far â€” and I still believe we can build a brighter future together. Happy New Year!â€//Iâ€™m hopeful about 2022. This year will undoubtedly have its challenges, just like 2021 did. But weâ€™ve made it this farâ€”and I still believe we can build a brighter future together. Happy New Year!//While the Obamas didnâ€™t reveal any additional details about their celebration â€• we can only imagine they observed the holiday to the soundtrack of Barackâ€™s recent faves Lil Nas X and Bad Bunny â€• they were recently spotted on vacation. //The family enjoyed their annual holiday trip to Hawaii, where Barack was born and spent most of his childhood, earlier this month. //The former president and the coupleâ€™s daughters â€• 20-year-old Sasha and 23-year-old Malia â€• were photographed soaking up the sun while paddleboarding in the ocean off the island of Oahu.//But, naturally, the internet had much to say about the new couple pic, with many deeming it their all-time favorite snap of the duo. //Yâ€™all! Mom and Dad are fly as HAYLE! ğŸ¥° https://t.co/1s7pzTC3R9//Iâ€˜m pretty sure this is my favorite picture of them ever. That vibe.//I think the coolest thing about @MichelleObama and @BarackObama is that they really do dig each other. I like that. https://t.co/JqdoQ5nZyk//That post-Presidential glow looks amazing on them both. https://t.co/SrdvlmDb1C//This is the best tweet of the New Year. https://t.co/evVXIN6oLc//Michelle Obamaâ€™s post arrived shortly after the couple paid tribute to â€œGolden Girlsâ€ star Betty White, who died Friday just a few weeks before her 100th birthday. //The former first lady shared a sweet throwback photo of the comedy icon and the late Obama family dog, Bo, during a visit to the White House back in 2012, which Barack later shared on his own account. //â€œBetty White broke barriers, defied expectations, served her country, and pushed us all to laugh,â€ she wrote. â€œBarack and I join so many around the world who will miss the joy she brought to the world. I know our Bo is looking forward to seeing her up in heaven.â€//Betty White broke barriers, defied expectations, served her country, and pushed us all to laugh. Barack and I join so many around the world who will miss the joy she brought to the world. I know our Bo is looking forward to seeing her up in heaven. pic.twitter.com/tVL7NUw2TT//Senior Reporter, HuffPost", 20.9%
"Rep. Jim Jordan Rebuffs House Panel Interview On Jan. 6 Insurrection", "Republican Rep. Jim Jordan of Ohio, one of former President Donald Trumpâ€™s closest allies in Congress, on Sunday rejected a request for an interview by the House panel investigating the Jan. 6 Capitol insurrection.//Republican Rep. Jim Jordan of Ohio, one of former President Donald Trumpâ€™s closest allies in Congress, on Sunday rejected a request for an interview by the House panel investigating the Jan. 6 Capitol insurrection.//In a combative letter to committee chairman Bennie Thompson (D-Miss.), Jordan said, â€œThe American people are tired of Democratsâ€™ nonstop investigations and partisan witch hunts.â€//He said the interview request â€œamounts to an unprecedented and inappropriate demand to examine the basis for a colleagueâ€™s decision on a particular matter pending before the House of Representatives.â€//â€œThis request is far outside the bounds of any legitimate inquiry, violates core constitutional principles and would serve to further erode legislative norms,â€ he added.//Thompson told Jordan in a letter last month that the panel wants him to provide information surrounding his communications with Trump on Jan. 6 and Trumpâ€™s efforts to challenge the result of the 2020 election.//â€œWe understand that you had at least one and possibly multiple communications with President Trump on January 6th,â€ the letter read. â€œWe would like to discuss each such communication with you in detail.â€//In his response Sunday, Jordan insisted, â€œI have no relevant information that would assist the Select Committee in advancing any legitimate legislative purpose.â€//He accused Democrats of using the committee as â€œa partisan cudgel against their political adversaries.â€//Jordan is a staunch supporter of Trumpâ€™s false claims about voter fraud. The lawmaker brought those claims up during an October hearing on a motion to hold former White House chief strategist Steve Bannon in contempt for refusing to comply with a congressional subpoena.//In that hearing, Jordan admitted that he spoke with Trump on the day of the attack.//â€œOf course, I talked to the president,â€ Jordan told members of the Rules Committee, in response to questioning from the panelâ€™s chairman, Rep. Jim McGovern, D-Mass. â€œI talked to him that day. Iâ€™ve been clear about that. I donâ€™t recall the number of times, but itâ€™s not about me. I know you want to make it about that.â€//The panel is also seeking information regarding Jordanâ€™s meeting with Trump and members of his administration in November and December 2020, and in early January 2021, â€œabout strategies for overturning the results of the 2020 election.â€ Thompsonâ€™s letter said the committee is also interested in any discussions Jordan may have had during that time regarding the possibility of presidential pardons for people involved in any aspect of the Capitol attack or the planning for the two rallies that took place that day.//
Do you have information you want to share with HuffPost? 
    Hereâ€™s how.", 4.5%
"Fox News Host Has Some Blunt Talk For Trump: 'You Have To Learn To Lose'", "Overnight Editor, HuffPost//Overnight Editor, HuffPost//Former President Donald Trump received a dose of truth from an unexpected place on Sunday: Fox News.//â€œIn life, you have to learn to lose,â€ the networkâ€™s Brian Kilmeade told â€œMedia Buzzâ€ host Howie Kurtz when asked about Trumpâ€™s complaints of the 2020 election.//â€œHillary Clinton has to learn that,â€ Kilmeade added. â€œAl Gore pretty much did learn that. Stacey Abrams didnâ€™t learn that.â€//Later in the segment, Kurtz noted that Clinton did concede her election loss, something Trump has yet to do. //Kilmeade, one of the hosts of â€œFox & Friends,â€ also bluntly dismissed Trumpâ€™s cries of election fraud, telling him to put up or shut up. //â€œIf you did, in fact, get screwed out of this election, put together an A-team list of lawyers â€• not the ones we witnessed â€• and show us the districts and show us how,â€ Kilmeade said. â€œI have not seen any of that.â€//See their full conversation below:  //Brian @Kilmeade says Jan. 6 was "the worst day in Republican history," but that even if Trump "did in fact get screwed out of this election,â€ he needs to show us the proof and it isn't helping him or the country to keep talking about it #Mediabuzz https://t.co/olW3e0wxw8//Overnight Editor, HuffPost//
Do you have information you want to share with HuffPost? 
    Hereâ€™s how.", 3.4%
"Watch Tom Brady Defy Coaches To Do Rob Gronkowski A Solid", "General Assignment Reporter, HuffPost//General Assignment Reporter, HuffPost//Tom Brady isnâ€™t afraid to show his coaches whoâ€™s boss. (Watch the video below.)//The Tampa Bay Buccaneers quarterback was apparently supposed to remain off the field late in his teamâ€™s game Sunday against the Carolina Panthers. The Bucs were ahead by 14 points, and keeping the star in made little sense with the playoffs starting next week.//But Brady appeared to tell the staff that he was still playing â€• and the reason was to help tight end Rob Gronkowski earn $1 million in bonuses.//Gronk, Bradyâ€™s pal and winner of four Super Bowls with the quarterback (who has won seven overall), reached the season yardage minimum of 750 yards for a $500,000 incentive earlier in the game. But he required one more reception to reach 55, a milestone that would secure an additional $500,000, For the Win noted.//Brady then completed a short pass to Gronk, and his regular-season work was done. CBS noted the financial motivation behind the play in its broadcast://Tom Brady didn't want to get out of the game until he got Rob Gronkowski one more reception for a $500K incentive. pic.twitter.com/B3HdJnf0E8//Reserve QB Blaine Gabbert immediately came into the game.//The Bucs won, 41-17, and will host Philadelphia in a playoff game on Sunday.//Gronk, for what itâ€™s worth, finished the regular season with 55 receptions and 802 yards. But he lost out on another $1 million bonus because he fell three touchdown catches short of his bonus goal of nine, NBC noted.//Still six figures richer, Gronk promised to take teammates out for dinner.//Dinner on @RobGronkowski ğŸ‘ pic.twitter.com/2nmUIOYbjS//General Assignment Reporter, HuffPost", 18.1%
"Donald Trump Reportedly Dialed Sean Hannity Into Oval Office Meetings", "Trends Reporter, HuffPost//Trends Reporter, HuffPost//Former President Donald Trump and his Fox News influencers were so joined at the hip that he even dialed Sean Hannity and Lou Dobbs into Oval Office meetings, according to an unidentified former senior administration official, The Washington Post reported Sunday.//A â€œlot of itâ€ concerned public relations â€” â€œwhat he should be saying and how he should be saying it; he should be going harder against wearing masks or whatever,â€ Trumpâ€™s former press secretary Stephanie Grisham told the Post, apparently confirming the information.//According to Grisham, Trump frequently consulted with Hannity and Fox News host Jeanine Pirro.//â€œThere were times the president would come down [in the] morning and say, â€˜Well, Sean thinks we should do this,â€™ or, â€˜Judge Jeanine thinks we should do this,â€™â€ said Grisham. She described Hannity on CNN last Thursday as Trumpâ€™s â€œshadow adviser,â€ who counseled him on â€œmany, many things.â€//Jeff Cohen, author of â€œCable News Confidential,â€ slammed the relationship as a violation of public trust by Fox hosts because viewers have no idea how close they are to Trump and are under the impression there is some objectivity to their on-air reports. //The startlingly close relationship between a sitting president and what the Post called a â€œCable Cabinetâ€ of members of a right-wing news operation was underscored by the multiple texts released last month by the House select committee investigating the Jan, 6 insurrection.//As last yearâ€™s Jan. 6 violence unfolded in the U.S. Capitol, Fox News hosts Laura Ingraham, Brian Kilmeade and Hannity all texted then-White House chief of staff Mark Meadows, pleading with him to press Trump to intervene to stop the siege. They all later downplayed the insurrection on Fox News, or even blamed the attack on the building on Antifa or members of the Black Lives Matter.//It was one of the few times Trump wasnâ€™t listening to his Fox News brain trust. It took him more than three hours on Jan. 6 to speak out against the violence.//â€œHe canâ€™t mention the election again. Ever,â€ Hannity texted Meadows days after the insurrection. â€œI did not have a good call with him today.â€//But Trump enthusiastically embraced just about every other â€œfantasticalâ€ Fox favorite, including support for now-disgraced attorney Sidney Powell, who repeatedly pitched wildly baseless claims of election fraud, informal Trump adviser Michael Pillsbury told the Post.//Trumpâ€™s Fox pals could suddenly â€œcompletely change his mind on something,â€ said his former communications director Alyssa Farah Griffin, and the staff would have to scramble to do damage control.//Hannity wielded clout even during Trumpâ€™s 2016 campaign, calling Republican National Committee Chairwoman Ronna McDaniel to complain about strategy, according to the Post.//The first time then-Speaker of the House Rep. Paul Ryan (R-Wis.) met the president-elect at Trump Tower in December 2016, Hannity called mid-meeting, reported Post journalists Bob Woodward and Robert Costa in their book â€œPeril.â€ //Trump â€œanswered the call as Ryan and his advisers sat silent. â€˜Yeah, Iâ€™m here with Paul,â€™ Trump told Hannity. â€™Oh? You want to talk with him?â€™â€//Trump put the call on speakerphone and said: â€œSean, talk to Paul,â€ which he did for about seven minutes, according to â€œPeril.â€ //Check out the full Washington Post story here.//Trends Reporter, HuffPost//
Do you have information you want to share with HuffPost? 
    Hereâ€™s how.", 3.9%
"John Oliver Is Suddenly Very Angry About 1 Key Point In The â€˜Da Vinci Code'", "Overnight Editor, HuffPost//Overnight Editor, HuffPost//â€œLast Week Tonightâ€ is on hiatus, but John Oliver reemerged on YouTube over the weekend with a new segment explaining why â€œThe Da Vinci Codeâ€ makes him so mad. //It has to do with the incredibly simple puzzle at the heart of both the â€œstupid, stupid bookâ€ and film. //â€œNo one should need Robert Langdon, a Harvard-educated puzzle-solver who fucks, to get to the bottom of this,â€ Oliver declared. â€œA child could solve that puzzle!â€//Just check out Oliverâ€™s reaction to the big reveal: //So, whatâ€™s this very basic puzzle with a solution a child could figure out? //Watch the full segment://â€œLast Week Tonightâ€ returns to HBO in February.//Overnight Editor, HuffPost", 8.2%
"Dozens Rescued From Wisconsin Ice Floe That Broke Free From Shore", "Trends Reporter, HuffPost//Trends Reporter, HuffPost//Thirty-four people were rescued in Wisconsin over the weekend after an ice floe suddenly broke free from the shore of Green Bay while they were ice fishing.//The large sheet of ice had floated about a mile from shore by the time everyone was saved on Saturday â€• nearly two hours after the rescue operation was launched by the Brown County Sheriffâ€™s Office, New Franken Fire, Green Bay Fire, Wisconsin Department of Natural Resources and the Coast Guard. It took rescue boats several trips back and forth to collect everyone.//No one was injured and no one required medical attention, though the sheriffâ€™s office called the situation â€œextremely dangerous.â€ //â€œAlthough the chunk of ice remained fairly stable, its condition was deteriorating rapidly (and) cracking up as it moved with the open water pounding at the edge of it,â€ the sheriffâ€™s office said in a statement.//The sheriffâ€™s office initially reported that 27 people had been rescued, but later raised that number to 34.//Although ice is typically solid along the shore in January, a passing barge â€œmay have disruptedâ€ it, said Lt. John Bain. //Shane Nelson and his friend Robert Verhagen told WLUK Fox 11 that they were ice fishing for the first time ever and heard what sounded like a large gunshot when the ice cracked.//â€œWe thought it was interesting, got out of our shanty, took a look and people were yelling on the ice weâ€™re separating,â€ said Nelson.//â€œDidnâ€™t catch any fish, ran out of propane early and got stranded on the ice,â€ he added.//Trends Reporter, HuffPost", 11.0%
"Barack Obama May Become A 3-Time Winner (But It's Not What You Think)", "Reporter, HuffPost//Reporter, HuffPost//Barack Obama could become a three-time winner in January, but not in the way you might be expecting.//The former president was nominated for his third Grammy Award on Tuesday in the Best Spoken Word Album category for his audiobook version of â€œA Promised Land.â€//Itâ€™s a star-studded category this year: Other nominees include Dave Chappelle, LeVar Burton and Don Cheadle.//If Obama takes home the Grammy on Jan. 31, it will mark his third such win. At the 48th Annual Grammy Awards, held in 2006, he won the spoken word category for â€œDreams from My Father.â€ Two years later, he won again for â€œThe Audacity of Hope: Thoughts on Reclaiming the American Dream.â€//Reporter, HuffPost", 27.3%
"Obama Hits Russia, China For 'Lack Of Urgency' On Climate", "GLASGOW, Scotland (AP) â€” Barack Obama expressed confidence at U.N. climate talks Monday that the Biden administration will ultimately get its $555 billion climate package through Congress, and faulted U.S. rivals China and Russia for what he called a â€œdangerous lack of urgencyâ€ in cutting their own climate-wrecking emissions.//GLASGOW, Scotland (AP) â€” Barack Obama expressed confidence at U.N. climate talks Monday that the Biden administration will ultimately get its $555 billion climate package through Congress, and faulted U.S. rivals China and Russia for what he called a â€œdangerous lack of urgencyâ€ in cutting their own climate-wrecking emissions.//â€œWhen it comes to climate, time really is running out,â€ Obama told climate advocates. Though there has been progress since the historic 2015 Paris climate agreement â€œwe are nowhere near where we need to be.â€//His comments came as conference leaders acknowledged Monday that many key sticking points exist after a week of talks.//A trust gap between rich and poor nations on climate change issues emerged when the negotiations went through a check of whatâ€™s been accomplished and whatâ€™s left to be done. Developing countries used versions of the word â€œdisappointingâ€ five times when leaders talked Monday about the progress to date.//The U.N. climate conference in Glasgow, Scotland, is the former American presidentâ€™s first since he helped deliver the triumph of the 2015 Paris climate accord, when nations committed to cutting fossil fuel and agricultural emissions fast enough to keep the Earthâ€™s warming below catastrophic levels of 1.5 degrees Celsius (2.7 degrees Fahrenheit).//That celebration has faded and been replaced by worry. Donald Trump pulled the U.S. out of the Paris accord. President Joe Biden put America back in as soon as he took office this year but U.S. efforts at fighting climate change were set back years by the Trump move.//â€œ1.5 C is on life support now, itâ€™s in ICU,â€ said Alden Meyer, a long-time observer of climate talks with E3G, an environmental think tank.//Obamaâ€™s appearance on the sidelines of the talks sought to remind governments of the elation that surrounded the Paris accord, and urge them to announce more immediate, concrete steps to put the 2015 deal into action.//â€œThe U.S. is back and in moving more boldly. The U.S. is not alone,â€ Obama said.//Obama noted efforts by the United States â€” the worldâ€™s second-worst climate polluter now after China â€” stalled when Trump pulled out of the climate accord.//â€œI wasnâ€™t real happy about that,â€ he admitted, but added that optimism is required to save the planet.//â€œThere are times where I feel discouraged. There are times where the future seems somewhat bleak. There are times where I am doubtful that humanity can get its act together before itâ€™s too late,â€ Obama said. â€œWe canâ€™t afford hopelessness.â€//Despite opposition within Bidenâ€™s own Democratic party that has blocked the climate-fighting legislation, Obama said he was confident that some version of Bidenâ€™s ambitious climate bill will pass in Congress in the next few weeks.//â€œIt will set the United States on course to meet its new climate targets,â€ he said.//And while in 2015, rapport between Obama administration negotiators and their Chinese counterparts was seen as paving the way to the global Paris accord, Obama on Monday criticized Chinese President Xi Jinping and Russian President Vladimir Putin for not joining other global leaders at the climate talks in Glasgow.//â€œIt was particularly discouraging to see the leaders of two of the worldâ€™s largest emitters, China and Russia, decline to even attend the proceedings, and their national plans reflect what appears to be a dangerous lack of urgency,â€ Obama said.//Obama spoke earlier Monday to a session on Pacific Island nations, including ones whose existence is threatened by rising oceans under climate change.//â€œAll of us have a part to play. All of us have work to do. All of us have sacrifices to makeâ€ on climate, he said. â€œBut those of us who live in wealthy nations, those of us who helped to precipitate the problem ... we have an added burden.â€//When he was briefing the U.N. climate conference (COP26) on the first weekâ€™s progress, COP26 President Alok Sharma had to correct himself about the number of issues settled, changing â€œmanyâ€ into â€œsome.â€//No deals have been made yet on three main goals of the U.N. conference. Those are pledges to cut emissions in half by 2030 to keep the Paris climate dealâ€™s 1.5 degree Celsius temperature limit goal alive; the need for $100 billion annually in financial help from rich countries to poor ones; and the idea that half of that money goes to adapting to global warmingâ€™s worst effects. Several other issues, including trading carbon and transparency, also werenâ€™t solved yet.//Numerous developing nations were pessimistic. They called progress â€œdisappointingâ€ and not near enough, saying announcements on fighting climate change were high in quantity but worried that they were low in quantity.//Representatives of 77 developing nations, along with China, said until this climate conference fixes the financial pledge problem to help poor nations cope with climate change these talks cannot be successful.//Ahmadou Sebory TourÃ© of Guinea, speaking on behalf of poor nations, said rich countries not fulfilling their $100 billion pledge shows those countries are just making â€œan empty commitment.â€//â€œThere is a history of broken promises and unfulfilled commitments by developed countries,â€ Diego Pacheco Balanza of Bolivia told the conference.//Scientists say the urgency of global warming is as great as the dire speeches at Glasgow have conveyed, with the planet only a few years away from the point where meeting the goals set in the Paris accord becomes impossible, due to mounting damage from coal, petroleum, agriculture and other pollution sources.//The last few days have seen huge protests in Glasgow and around Europe for faster action in fighting global warming.//Obama told young people â€œyou are right to be frustrated,â€ but then relayed the advice his mother gave him when he was young.//â€œDonâ€™t sulk. Get busy, get to work and change what needs to be changed,â€ he said. â€œVote like your life depends on it â€” because it does.â€//___//Associated Press reporter Aniruddha Ghosal contributed to this report.//
Do you have information you want to share with HuffPost? 
    Hereâ€™s how.", 10.7%
"Obama Sharply Criticizes Youngkin In Virginia's Governor's Race", "RICHMOND, Va (AP) â€” Former President Barack Obama offered a sharp rebuke of the Republican candidate for Virginia governor, Glenn Youngkin, as he encouraged voters on Saturday to support Democrat Terry McAuliffe in the closely watched race.//RICHMOND, Va (AP) â€” Former President Barack Obama offered a sharp rebuke of the Republican candidate for Virginia governor, Glenn Youngkin, as he encouraged voters on Saturday to support Democrat Terry McAuliffe in the closely watched race.//Obama accused Youngkin of portraying himself as a friendly everyman while encouraging what Obama called â€œlies and conspiracy theoriesâ€ about widespread voting fraud in the 2020 elections. Former President Donald Trump has continued to push the false narrative about election fraud, which fueled the Jan. 6 insurrection at the U.S. Capitol.//â€œEither he actually believes in the same conspiracy theories that resulted in a mob, or he doesnâ€™t believe it but he is willing to go along with it, to say or do anything to get elected. And maybe thatâ€™s worse ... because that says something about character,â€ Obama said.//Youngkin, a former private equity executive and a first-time candidate, initially made â€œelection integrityâ€ the centerpiece of his campaign and refused  for months to say whether President Joe Biden was legitimately elected. He has since said that Biden was, and that there was not widespread fraud in last yearâ€™s elections.//Obama described McAuliffe â€” the stateâ€™s governor from 2014-2018 â€” as an experienced, steady hand and told a crowd of what organizers said was 2,000 people gathered outdoors at Virginia Commonwealth University in Richmond that the Nov. 2 election would â€œshow the country and the world that weâ€™re not going to indulge in our worst instincts.â€//The former president said he understood voters are worn down, both from the countryâ€™s divisive politics and the strain of the pandemic. But he said thereâ€™s too much at stake to not cast a ballot.//â€œWe donâ€™t have time to be tired. What is required is sustained effort,â€ he said.//Asked for comment, a Youngkin campaign spokesman called Obamaâ€™s remarks â€œfalse statementsâ€ and accused The Associated Press of â€œindulging the fantasies of the Terry and the left because they canâ€™t run on their failed record and radical vision for the future.â€//The Youngkin campaign has said election security is a bipartisan concern and has tried to draw a comparison between the false claims of fraud today and the 2000 presidential election, when a Supreme Court ruling decided the winner and McAuliffe blasted the decision and said the election had been stolen.//McAuliffe is seeking a return to office in the only state where the incumbent cannot serve consecutive terms. Less than two weeks out from the Nov. 2 election, polls show a tight race in a state Biden carried by 10 percentage points last fall.//While New Jersey is also holding an election for governor on Nov. 2, itâ€™s the Virginia race thatâ€™s grabbed national attention as a possible indication of voter sentiment before next yearâ€™s midterms.//Numerous Democratic elected officials including U.S. Reps. Donald McEachin and Bobby Scott, U.S. Sen. Tim Kaine and Gov. Ralph Northam also delivered remarks at Saturdayâ€™s event.//The officials cast the election as a choice between a proven leader and an extremist who would roll back progressive reforms implemented during the past two years of full Democratic control of state government, including an expansion of voting rights and abortion access, tighter gun laws and criminal justice reforms. Multiple speakers acknowledged the contest is close.//â€œWe cannot take any chances,â€ Northam said.//Several speakers sought to tie Youngkin and his running mates to Trump.//â€œGlenn Youngkin is extreme. This guy is a fanboy for Donald Trump,â€ said Jaime Harrison, chairman of the Democratic National Committee.//Obama also visited Virginiaâ€™s capital to rally Democrats during Northamâ€™s 2017 race for governor against Republican Ed Gillespie, who lost by about 9 percentage points.//His visit marked the latest in a series of appearances by high-profile Democrats who have come to the state in recent days to press the case for McAuliffeâ€™s candidacy. They include voting rights activist Stacey Abrams, Atlanta Mayor Keisha Lance Bottoms and Vice President Kamala Harris, who told a crowd Thursday night, â€œThis race is tight.â€//Biden, who campaigned with McAuliffe over the summer, is joining the Democratic nominee in northern Virginia on Tuesday.//National Republican groups criticized McAuliffe on Saturday for the procession of high-profile surrogates.//â€œAs Bidenâ€™s poll numbers continue to tank, McAuliffe is going down with him and no amount of heavy hitter politicians will right the ship,â€ said Maddie Anderson, a spokeswoman for the Republican Governors Association.//Youngkin, who has generally steered clear of outside supporters in the final stretch, held a Saturday evening rally in suburban Richmond at the start of a statewide bus tour.//Speaking to a crowd of what the campaign said was 2,000 people in a field next to a grocery market, he delivered a half-hour outline of his platform, promising to cut taxes, roll back red tape, ban critical race theory and roll out an expansive charter school program.//He said the election offered a chance to change the trajectory of the state to one where the â€œrelentless pursuit of a better life, of prosperity is not burdened or blocked by self-dealing politicians.â€//â€œThis thing is a toss-up,â€ he said, and later predicted that he would win.//Youngkin did not directly address Obamaâ€™s harshest criticisms. But the former collegiate basketball player did crack a joke in reference to one element of Obamaâ€™s remarks, saying that he had challenged  the former president, an avid basketball fan, to a game of one-on-one.//Trump has not campaigned alongside Youngkin, and Youngkinâ€™s campaign has not responded  to questions from The Associated Press about whether he has been asked to. Trump has endorsed Youngkin multiple times and called into a rally organized by a right-wing radio host this month to exhort the crowd to vote for him.//
Do you have information you want to share with HuffPost? 
    Hereâ€™s how.", 7.1%
"Barack Obama Appears In Ad Opposing California Recall, Supporting Gavin Newsom", "Reporter, HuffPost//Reporter, HuffPost//Former President Barack Obama is the latest high-profile figure to appear in an ad supporting Democratic Gov. Gavin Newsom and urging Californians to vote â€œnoâ€ in next Tuesdayâ€™s California recall election.//The spot released Wednesday is a big get for Newsom. The former president has largely stayed out of the political fray since leaving office but remains a popular figure among Democratic voters. //â€œGovernor Newsom has spent the past year and a half protecting California communities,â€ Obama says in the ad. â€œNow Republicans are trying to recall him from office and overturn common-sense COVID safety measures for health care workers and school staff.â€//The ad, which Newsom shared on Twitter, is slated to start running on television Thursday, Politico reported. //â€œYour vote could be the difference between protecting our kids and putting them at risk; helping Californians recover or taking us backwards,â€ Obama says in the ad. â€œProtect California by voting no on the Republican recall.â€//Listen to @BarackObama -- California has a big choice to make on September 14th.Your vote could be the difference.Vote NO on the Republican Recall.Thereâ€™s too much on the line to sit this one out. pic.twitter.com/U3cKDcRaVY//Sens. Elizabeth Warren (D-Mass.) and Bernie Sanders (I-Vt.) have also appeared in ads opposing the Republican-led recall effort in California.//Warren and Vice President Kamala Harris have been rallying alongside Newsom in person over the past week. Harris, who appeared with him in the San Francisco Bay Area on Wednesday, emphasized the importance of Democratic enthusiasm for blocking the recall.//While Democrats have a massive edge in California, voter turnout among the stateâ€™s Republicans is expected to be high.//President Joe Biden said he would also stump for Newsom in California early next week. //Among the 40-plus candidates seeking to unseat Newsom, the highest-polling candidate is conservative radio host Larry Elder â€• a supporter of President Donald Trump who denies human-caused climate change, believes abortion is â€œmurder,â€ wants to disband all of Californiaâ€™s COVID-19 safety measures and is under police investigation for domestic violence allegations by his ex-fiancee. //A Republican governor in California could spell serious trouble for Democratsâ€™ narrow majority in Congress. If Sen. Dianne Feinstein (D-Calif.) retires or dies before her term ends and a Republican governor names a GOP replacement for her, Republicans will reclaim the majority in the U.S. Senate.//Reporter, HuffPost//
Do you have information you want to share with HuffPost? 
    Hereâ€™s how.", 8.5%
"Larry David Was Hilariously On-Brand When He Was Disinvited To Obamaâ€™s Birthday", "Reporter, HuffPost//Reporter, HuffPost//Comedian Larry David did not curb his enthusiasm when he was disinvited to former President Barack Obamaâ€™s 60th birthday bash.//Obamaâ€™s Marthaâ€™s Vineyard fete, which was reportedly outdoors and required all guests to provide negative COVID-19 tests, was initially reported to have about 475 invitees. But the Obamas, who received criticism for throwing such a large party during the pandemic, had to scale down the guest list due to delta variant concerns. //David just happened to be one of the people whose invitation was rescinded â€” and he couldnâ€™t have been happier about it.//He explained to Maureen Dowd of The New York Times that heâ€™d figured heâ€™d have to perform at Obamaâ€™s fancy shindig and was dreading it because that meant heâ€™d have to come up with a routine in three days.//â€œI was pretty glum when I finally called back his assistant,â€ David said in an email to Dowd. â€œWhen he told me I was eighty-sixed from the party, I was so relieved, I screamed, â€˜Thank you! Thank you!â€™ He must have thought I was insane. Then I hung up the phone, poured myself a drink and finished my crossword puzzle.â€ //And cue the music â€¦//Reporter, HuffPost", 10.5%
"Rep. Jim Jordan's Puzzling New Attack On Obama Backfires On Twitter", "Overnight Editor, HuffPost//Overnight Editor, HuffPost//Rep. Jim Jordan (R-Ohio) on Monday tried to equate former President Barack Obamaâ€™s birthday celebration with school districts that require children and staff to wear masks in an effort to stop the spread of coronavirus. But his critics were quick to point out how little sense that made and more than a few brought up his own questionable history when it came to protecting students. //Jordan tweeted: //President Obama didnâ€™t have to wear a mask at his birthday party. But your kids have to at school. Rules for thee, but not for me.//Obamaâ€™s birthday party was held largely outdoors. He asked his guests be fully vaccinated and even had a coordinator confirm negative COVID-19 tests before the event, which was scaled back from its original size when the delta variant began to surge across the country.//More significantly, Obama left office in 2016 and has had nothing to do with mask mandates, inside or outside of schools.//Jordan, however, is still fighting allegations about his time as an assistant wrestling coach at Ohio State University. He has been accused of ignoring molestation claims against the teamâ€™s doctor. Although Jordan denied those charges, several athletes have corroborated the story.//Twitter users fired back: //yeah tell us more about protecting kids jim https://t.co/8pmCtvo6Za//It's a decision they'll have to wrestle with. Get it Gym, wrestle! ğŸ˜’ https://t.co/UyvZ60eb83//I'm just trying to figure out when and how Obama managed to make the rules for the schools? He hasn't been President for a rather long time. How is he still making all the rules? https://t.co/AvTmzh72Zf//Jim Jordan to astronauts: People on Earth don't have to wear spacesuits, so why should you? https://t.co/owF4q79913//are you advocating children be vaccinated and schools subjected to daily covid testing https://t.co/tH6QF7IiXT//Kids under 12 can't get vaccinated, you human size q-tip. https://t.co/MEhQAKlxtY//Hi Jim.Please learn the difference between a group of fully vaccinated adults congregating for a short time and a group of unvaccinated children congregating indoors constantly day after day. https://t.co/AesaKNuIuY//I wish my unvaccinated kids were forced to wear one at school. Also, https://t.co/hNlAjkmSaq pic.twitter.com/hfw6FXXJeK//No critical thinking, just vibes. https://t.co/bL8lHvsbG6//Barack Obama should immediately rescind his school mask mandate https://t.co/X2blMQhzfj//So pro vaccine mandates then? https://t.co/jMugr8MxHd//Well, first of all, Gym, Obama isn't the president these days. https://t.co/fplQF21tfx//Jim Jordan doesn't care about protecting kids. Just ask Ohio State. https://t.co/bIY9QgOFjs//Overnight Editor, HuffPost//
Do you have information you want to share with HuffPost? 
    Hereâ€™s how.", 4.6%
"Barack Obama's Scaled-Down Birthday Bash Still Has A Lot Of Celebs", "Reporter, HuffPost//Reporter, HuffPost//You may not be very surprised to find out Barack Obama appears to have a lot of close family and friends. //The former presidentâ€™s 60th birthday party was set to proceed Saturday as a â€œsignificantly scaled backâ€ version of the original plan given the ominous threat of the delta variant of the coronavirus, an Obama spokesperson said this week. But according to photos snapped on and above Marthaâ€™s Vineyard â€• the posh New England island where the nationâ€™s wealthiest go to be amongst their own â€• â€œscaled backâ€ is still looking pretty impressive. //The newly minted sexagenarian will be feted inside a mammoth white tent nuzzled against his familyâ€™s $12 million vacation home, which sits on 30 acres of oceanfront property. Aerial shots taken Friday revealed grounds that were abuzz with caterers and party-planning staff â€• although presumably fewer than the 200-plus originally expected to work the event. Sofas dotted the outdoor area in intimate clusters, while dozens of sand-colored chairs waited to be unstacked and ringed around tables.//Obama himself was photographed on an island golf course Saturday morning.//On Wednesday â€• his actual birthday â€• former first lady Michelle Obama posted images of her husband to Instagram, writing, â€œStill turning my head after all these years.â€ //The 44th president attracted some criticism when details of his massive party leaked this week amid the nationwide surge in COVID-19 cases. The U.S. is once again recording around 100,000 new cases on a daily basis, marking a return to levels not seen since the fall and winter. //Obama was not exactly throwing caution to the wind: He had hired a COVID-19 coordinator to verify that all attendees tested negative before the event, and had asked everybody to be fully vaccinated. The party is also largely outdoors.//Still, spokesperson Hannah Hankins said Wednesday that the event would be downsized to â€œinclude only family and close friends.â€//A post shared by Michelle Obama (@michelleobama)//It remains unclear what size the guest list has been whittled down to. The original plan was to welcome some 475 guests, according to Axios, but the Obama camp never confirmed that amount. At least eight aides, including Michelle Obamaâ€™s chief of staff, were tasked with making the unpleasant calls to uninvite people from the party, according to The New York Times. //The result was, apparently, some hurt feelings among former Obama administration staffers, who still noticed the likes of Chrissy Teigen and John Legend arriving on the island ahead of the main event. A â€œmajorityâ€ of the former staffers had been uninvited, the Times said, noting that many â€œgenerally credit themselves with helping create the Obama legacy that has allowed the former president to settle in so comfortably with the A-list crowd.â€//Paparazzi shots published by The Daily Mail also documented the arrivals of Dwayne Wade and Gabrielle Union, Steven Colbert and Don Cheadle. BeyoncÃ© and Jay-Z were reportedly marked as attending, the Times reported Friday; tabloids said that they were already on the island.//Legend is expected to perform Saturday night, according to The New York Post. (Not Pearl Jam, as had been rumored.) //John Kerry â€• Obamaâ€™s former secretary of state and the current administrationâ€™s special presidential envoy for climate â€• was photographed arriving on Marthaâ€™s Vineyard by private jet. //Larry David, David Letterman and Conan Oâ€™Brien were reportedly among those who were disinvited; Oprah Winfrey and Ava DuVernay bowed out on their own, according to the Times. //The White House previously said in a statement that President Joe Biden will not be in attendance, although he â€œlooks forward to catching up with former President Obama soon and properly welcoming him into the over 60 club.â€ //White House press secretary Jen Psaki â€• an Obama administration alumni herself â€• appeared to defend the former presidentâ€™s birthday bash on Friday when asked whether Obama was setting a good example for the American people. Psaki said COVID-19 transmission in Marthaâ€™s Vineyard was considered â€œmoderate,â€ meaning the area was not subject to the Centers for Disease Control and Preventionâ€™s updated masking guidance, which targets counties with high or substantially high transmission. (The CDC now categorizes the island as having â€œhighâ€ transmission, a change that appears to have come Friday, according to local reports.)//With luck, the only thing guests will pick up this weekend will be the custom baseball caps Obama reportedly had made for the occasion that read, â€œ44 at 60.â€//Reporter, HuffPost//
Do you have information you want to share with HuffPost? 
    Hereâ€™s how.", 9.9%
"Dan Rather Thinks He Knows Why Joe Biden Wore A Tan Suit And It Involves Fox News", "Reporter, HuffPost//Reporter, HuffPost//President Joe Biden donned a tan suit to deliver the July jobs report on Friday.//The outfit drew instant comparisons to what conservatives faux-slammed then-President Barack Obama for wearing to a press conference in August 2014.//Seven years ago, right-wingers and personalities on Fox News flipped out over Obamaâ€™s sartorial choice â€” as evidenced in a montage of old footage aired by MSNBCâ€™s Ari Melber://With Biden, though, the critical response was more muted.//â€œToday, for some reason ... weâ€™re not hearing the same kind of ridiculous faux outrage on the right,â€ said Melber. â€œMaybe theyâ€™re embarrassed because it didnâ€™t work last time.â€//Veteran broadcast journalist Dan Rather suggested it was some sort of trolling of Fox News://Iâ€™m going with the theory that Joe Biden wearing a tan suit is a deliberate attempt to troll Fox News.//Others also theorized, including one involving Obamaâ€™s 60th birthday this week://Barack Obama's birthday was this week.Joe Biden wore a tan suit today.I, for one, do not think that is a coincidence.//SCANDAL! @POTUS is wearing a tan suit. Stop the presses!//Republicans call for 8/6 Commission https://t.co/sbloPVLAPy//Joe Biden wearing a tan suit today in honor of Barack Obamaâ€™s birthday is just perfect. Well done. pic.twitter.com/2YMN5tz1lj//@POTUS @JoeBiden whispers low into the phone: "hey Barack, do you still have that tan suit? I want to try something on Friday..."ğŸ˜‚ğŸ˜‚ğŸ˜‚ pic.twitter.com/P9Mi5hf53K//Honestly, if @BarackObama doesnâ€™t tweet â€œNice suitâ€ with a picture of Biden in a tan suit, Iâ€™ll lose all faith in whoeverâ€™s running his accounts.//Reporter, HuffPost//
Do you have information you want to share with HuffPost? 
    Hereâ€™s how.", 9.5%
"Thoughtful Quotes About Fatherhood From Barack Obama", "Senior Reporter, HuffPost Life//Senior Reporter, HuffPost Life//Barack Obama has been known to wax poetic about international relations, domestic policy and political philosophy. He takes the same approach to the topic of parenting. //The former president has two daughters, Malia and Sasha, with his wife, Michelle Obama. Over his decades in the spotlight, Obama has opened up about his experience raising children, from the ways they inspire him to his embarrassing dad moments.//In honor of his birthday, weâ€™ve rounded up 20 quotes about fatherhood from Obama.//â€œFor many of us, our fathers show us by the example they set the kind of people they want us to become. Whether biological, foster, or adoptive, they teach us through the encouragement they give, the questions they answer, the limits they set, and the strength they show in the face of difficulty and hardship.â€//â€œWhat Iâ€™ve realized is that life doesnâ€™t count for much unless youâ€™re willing to do your small part to leave our children â€” all of our children â€” a better world. Any fool can have a child. That doesnâ€™t make you a father. Itâ€™s the courage to raise a child that makes you a father.â€//â€œTo Malia and Sasha and their friends, discrimination in any form against anyone doesnâ€™t make sense. As president, and as a dad, that makes me proud.â€//â€œWatching 9-, 10-year-old girls playing basketball and just fierce, just intense about it, is terrific. And last year I actually did some coaching ... And you know whatâ€™s amazing is how much more stressful coaching and watching these girls was than when I was playing. You just want them to win so bad. And when they actually run a play and it works â€” youâ€™re just ecstatic. And a couple of heartbreaking losses and youâ€™re just feeling terrible. But theyâ€™re wonderful.â€ //â€œAbove all, children need our unconditional love â€” whether they succeed or make mistakes; when life is easy and when life is tough.â€//â€œIâ€™m inspired by the love people have for their children. And Iâ€™m inspired by my own children, how full they make my heart. They make me want to work to make the world a little bit better. And they make me want to be a better man.â€//â€œTheyâ€™ve handled it so well. They are wonderful girls. They are smart and funny. But most importantly, theyâ€™re kind. They donâ€™t have an attitude.â€//â€œItâ€™s a wonderful thing if you are married and living in a home with your children, but donâ€™t just sit in the house and watch â€˜SportsCenterâ€™ all weekend long. Thatâ€™s why so many children are growing up in front of the television. As fathers and parents, weâ€™ve got to spend more time with them, and help them with their homework, and replace the video game or the remote control with a book once in awhile.â€//â€œThanksgiving is a family holiday as much as a national one. So for the past seven years Iâ€™ve established another tradition: embarrassing my daughters with a corny-copia of dad jokes about turkeys.â€//â€œMy daughter leaving me is just breaking my heart. If there are any parents here, I hope you can give me some pointers on how not to cry too much at the ceremony and embarrass her.â€//â€œIn the end, thatâ€™s what being a parent is all about â€” those precious moments with our children that fill us with pride and excitement for their future, the chances we have to set an example or offer a piece of advice, the opportunities to just be there and show them that we love them.â€//â€œWhat I didnâ€™t anticipate was the fact that I get to spend much more time with my kids once Iâ€™m president. Because now, Iâ€™m living above the store. I have a 30-second commute and so I just set up a rule: Iâ€™m having dinner with my crew at 6:30 every night unless Iâ€™m traveling ... And Iâ€™m going to be sitting there and Iâ€™m going to be entirely absorbed with stories about the annoying boys and the weird teacher and the drama in the cafeteria, reading Harry Potter and tucking them in and listening to whatever music theyâ€™re now listening to.â€//â€œEvery father bears a fundamental obligation to do right by their children.â€//â€œWe had this nice stretch of about three years where she was doing her thing in her career and I was doing mine. Then we started trying to have kids. Took a while. Michelle had a couple miscarriages and we had to kind of work at it. When Malia was finally born, we were more than ready to be parents, right? â€™Cause there had been this six-year stretch in which probably for about half of it, we had been trying, so there was no surprise to it.â€//â€œMichelle figured out much earlier than I did that kids are like plants. They need sun, soil, water, but some of â€™em are oaks, and some of â€™em are pines, and some of â€™em are willows, and some are bamboo. Those seeds of who they are and the pace and ways in which theyâ€™re gonna unfold are just uniquely theirs. I think I had a notion with Malia and Sasha, there was sort of a way of doing things â€” and what Michelle figured out earlier than I did, but I also ended up learning, was each one is just magical in their own ways. A branch is gonna sprout when itâ€™s gonna sprout. A flowerâ€™s gonna pop when itâ€™s gonna pop. You just roll with that unfolding, that unfurling of who they are, being comfortable just discovering them as opposed to feeling as if itâ€™s a project.â€//â€œAs fathers, we need to be involved in our childrenâ€™s lives not just when itâ€™s convenient or easy, and not just when theyâ€™re doing well â€” but when itâ€™s difficult and thankless, and theyâ€™re struggling. That is when they need us most.â€//â€œThe love of being a father was not something I had to work on. It was physical, it was emotional, spiritual, you know. The attachment to my children I felt entirely and completely. I thought to myself: â€˜OK. If the baseline is unconditional love, Iâ€™ve got that.â€™â€//â€œ[P]ass along the value of empathy to our children. Not sympathy, but empathy â€• the ability to stand in somebody elseâ€™s shoes; to look at the world through their eyes. Sometimes itâ€™s so easy to get caught up in â€˜us,â€™ that we forget about our obligations to one another. Thereâ€™s a culture in our society that says remembering these obligations is somehow soft â€• that we canâ€™t show weakness, and so therefore we canâ€™t show kindness. But our young boys and girls see that. They see when you are ignoring or mistreating your wife. They see when you are inconsiderate at home; or when you are distant; or when you are thinking only of yourself. And so itâ€™s no surprise when we see that behavior in our schools or on our streets. Thatâ€™s why we pass on the values of empathy and kindness to our children by living them. We need to show our kids that youâ€™re not strong by putting other people down â€“ youâ€™re strong by lifting them up. Thatâ€™s our responsibility as fathers.â€//â€œMichelle and I know that our first job, our first responsibility, is instilling a sense of learning, a sense of a love of learning in our kids. And so there are no shortcuts there; we have to do that job. And we canâ€™t just blame teachers and schools if weâ€™re not instilling that commitment, that dedication to learning, in our kids.â€//â€œMalia and Sasha ... Of all that Iâ€™ve done in my life, Iâ€™m most proud to be your dad.â€//Senior Reporter, HuffPost Life", 15.7%
"Barack Obama Scales Back Massive 60th Birthday Bash Due To Delta Variant", "Reporter, HuffPost//Reporter, HuffPost//Barack Obamaâ€™s massive birthday bash is off.//The former president had planned to celebrate his 60th with a big party involving hundreds of guests â€• reportedly including Hollywood A-lister George Clooney and talk show legend Oprah Winfrey â€• at his estate on Marthaâ€™s Vineyard, Massachusetts, this weekend.//But the shindig has now been â€œsignificantlyâ€ scaled back for only family and close friends â€œdue to the new spread of the delta variant over the past week,â€ Obamaâ€™s spokesperson Hannah Hankins said in a statement Wednesday.//â€œHeâ€™s appreciative of others sending their birthday wishes from afar and looks forward to seeing people soon,â€ Hankins added.//Obama turns 60 on Wednesday.//Heâ€™d drawn criticism for planning the now-nixed party â€• for which guests had to be fully vaccinated and present negative test status â€• amid the surge in coronavirus cases, fueled by unvaccinated people.//Reporter, HuffPost//
Do you have information you want to share with HuffPost? 
    Hereâ€™s how.", 12.4%
"Barack Obama Is Throwing A 60th Birthday Bash Despite Delta Surge", "Reporter, HuffPost//Reporter, HuffPost//Former President Barack Obama will celebrate his 60th birthday with a big bash at his estate on Marthaâ€™s Vineyard, Massachusetts, this weekend, reported multiple media outlets.//But the planned party with a reported 475 guests has drawn criticism â€” particularly from the right â€” amid the spread of the coronavirus delta variant.//The event will be held outside. All guests must be fully vaccinated and submit negative test results before entrance, according to reports. An appointed â€œCOVID-coordinatorâ€ will oversee the party. Itâ€™s not known if masks will be mandatory.//Guests reportedly invited by Obama, who turns 60 on Wednesday, include director Steven Spielberg, actor George Clooney and talk show host Oprah Winfrey.//President Joe Biden will not attend, but â€œlooks forward to catching up with former President Obama soon and properly welcome him to the over-sixty club,â€ said a White House spokesperson.//The worrying rise in coronavirus cases in recent weeks â€• especially among the unvaccinated â€• has prompted the reintroduction of some COVID-19 safety protocols.//Marthaâ€™s Vineyard, in Dukes County, is currently not deemed at high risk of a coronavirus outbreak. But a cluster of COVID-19 cases among vaccinated people in nearby Provincetown last month prompted the Centers for Disease Control and Prevention to reintroduce its advice for wearing masks indoors.//Reporter, HuffPost//
Do you have information you want to share with HuffPost? 
    Hereâ€™s how.", 7.6%
"Ex-Airman Says Guilt Over Drone Strikes Prompted Him To Leak Secrets", "ALEXANDRIA, Va. (AP) â€” A former Air Force intelligence analyst said his guilt over participating in lethal drone strikes in Afghanistan led him to leak government secrets about the drone program to a reporter.//ALEXANDRIA, Va. (AP) â€” A former Air Force intelligence analyst said his guilt over participating in lethal drone strikes in Afghanistan led him to leak government secrets about the drone program to a reporter.//Daniel Hale of Nashville, Tennessee, is scheduled to be sentenced Tuesday in U.S. District Court in Alexandria after pleading guilty to violating the Espionage Act by leaking top secret documents.//In court papers filed Thursday, Haleâ€™s lawyers asked that he receive a 12- to 18-month sentence, which would be well below sentencing guidelines.//In an 11-page handwritten letter from the Alexandria jail where heâ€™s being held, Hale outlines what led him break the law, describing his regret and horror as he saw gruesome videos of Afghans killed in part because his work helped track them down.//He said when he deployed to Afghanistan in 2012, his job was to track down cellphone signals linked to people believed to be enemy combatants.//â€œNot a day goes by that I donâ€™t question the justification for my actions,â€ Hale wrote.//His guilt is compounded by the clinical nature of the drone strike program, in which Afghan targets are killed going about their daily lives â€” at times with innocent civilians killed as collateral damage â€” rather than on a traditional battlefield.//â€œThe victorious rifleman, unquestionably remorseful, at least keeps his honor intact by having faced off against his enemy in the battlefield,â€ Hale wrote. â€œBut what possibly could I have done to cope with the undeniable cruelties that I perpetrated?â€//As a result, he said, his conscience compelled him to disclose details about the program to an investigative reporter he had previously met. The documents showed, among other things, that the drone program was not as precise as the government claimed in terms of avoiding civilian deaths.//Hale leaked the documents after he left the Air Force and had taken a civilian job with a contractor assigned to the National Geospatial-Intelligence Agency, where he worked for a brief stint in 2014 as a toponymist, using his Chinese language expertise to help label maps.//Haleâ€™s lawyers argue in court papers that his altruistic motives, and the fact that the government hasnâ€™t shown any actual harm occurred from the leaks, should be taken into account for a light sentence.//â€œHe committed the offense to bring attention to what he believed to be immoral government conduct committed under the cloak of secrecy and contrary to public statements of then-President Obama regarding the alleged precision of the United States militaryâ€™s drone program,â€ defense attorneys Todd Richman and Cadence Mertz wrote.//Prosecutors, though, say the classified documentsâ€™ disclosure had the potential to cause serious damage. In sentencing papers, prosecutors Gordon Kromberg and Alexander Berrang write that documents leaked by Hale were found in an internet compilation of material designed to help Islamic State fighters avoid detection.//â€œ(A)s a result of Haleâ€™s actions, the most vicious terrorists in the world obtained documents classified by the United States as â€œSecretâ€ and â€œTop Secretâ€ â€” and thought that such documents were valuable enough to disseminate to their own followers in their own manuals,â€ Kromberg and Berrang wrote.//The prosecutors say that Haleâ€™s leaks were more serious than those made by Reality Winner, a former National Security Agency contractor who received a five-year sentence, the longest given to a whistleblower prosecuted for leaking classified documents to a journalist under the Espionage Act.//Prosecutors donâ€™t request a specific prison term but say an appropriate sentence would be â€œsignificantly longerâ€ than the 63 months imposed on Winner.//
Do you have information you want to share with HuffPost? 
    Hereâ€™s how.", 6.6%
"Jazmine Sullivan Celebrates Making Barack Obama's 2021 Summer Playlist", "Trends Reporter, HuffPost//Trends Reporter, HuffPost//Jazmine Sullivan is celebrating a shoutout from one of her many fans: former President Barack Obama. //The Philadelphia singer, who released her latest album â€œHeaux Talesâ€ in January, on Saturday morning tweeted her excitement that Obama listed her song â€œPick Up Your Feelingsâ€ as one of the tracks on his summer 2021 playlist. //â€œYâ€™all,â€ she wrote, with an emoji. â€œThank you @BarackObama.â€//Yâ€™all ğŸ˜©. Thank you @BarackObama ğŸ™ğŸ¾ pic.twitter.com/e1LDLVBILW//Since his presidency, Obama has shared the songs he is listening to and the books heâ€™s reading each summer. Besides Sullivanâ€™s song, which the former president listed first, he also included â€œGood Daysâ€ by SZA, â€œTumbling Diceâ€ by The Rolling Stones and â€œLeave The Door Openâ€ by Bruno Mars and Anderson .Paak.//â€œWith so many folks getting together with family and friends, thereâ€™s a lot to celebrate this summer,â€ he tweeted on Saturday. â€œHereâ€™s a playlist of songs Iâ€™ve been listening to latelyâ€”itâ€™s a mix of old and new, household names and emerging artists, and a whole lot in between.â€//His playlist sparked a bit of conversation.//Artists who made the list, including H.E.R., celebrated the shoutout, while other Twitter users got a kick out of imagining Obama listening to â€œAstronaut in the Oceanâ€ by rapper Masked Wolf. //â€œCrying at thinking of Obama singing along to astronaut in the ocean,â€ one person tweeted. //Others chimed in sharing similar sentiments://I canâ€™t unsee Barack Obama walking out to astronaut in the ocean ğŸ˜‚ pic.twitter.com/WgVI8jd1Mn//Thereâ€™s no way Obama out here listening to astronaut in the ocean bruh ğŸ˜­ pic.twitter.com/YE9mbI6oLX//Michelle when she see barack Obama try to  Play Astronaut in the Ocean for the 10th time in a row pic.twitter.com/Bh1nyW1A3I//Trends Reporter, HuffPost", 10.0%
"Attempted Republican Troll Of Joe Bidenâ€™s Obama Quip Goes Awry", "Reporter, HuffPost//Reporter, HuffPost//Republicans tried to turn a throwaway line from President Joe Biden into a trollable moment on Friday, but it backfired.//The Republican National Committee attempted to make political capital after Biden quipped about former President Barack Obama having â€œa shorter nameâ€ while signing an executive order on competitiveness in the U.S. economy.//â€œJoe Biden says the length of Barack Obamaâ€™s signature is shorter than his,â€ tweeted the verified RNC Research account. â€œObamaâ€™s is 3 letters longer.â€//Joe Biden says the length of Barack Obamaâ€™s signature is shorter than his.Obamaâ€™s is 3 letters longer. pic.twitter.com/nvxInqFr5Y//â€œDoes Biden know how many letters are in his name?â€ sneered the RNCâ€™s main account, also appearing to try to feed into the right-wing narrative that Biden is unfit for office.//Does Biden know how many letters are in his name? https://t.co/meTf90HiG1//People quickly pointed out the flaws with the posts://This tweet from @GOP and @RNCResearch is wrong.Biden sometime signs his name â€œJoseph R. Biden Jr.â€ The WH says he did that today (pic of a different time below).A White House aide quips: â€œI adore that thatâ€™s the best theyâ€™ve got.â€ https://t.co/cdVkG8VZr0 pic.twitter.com/XquXacZiBM//I know this is the dumbest fucking thing possible, BUTâ€¦Obama signed bills/EOs/etc. â€œBarack Obamaâ€Biden signs bills/EOs/etc. â€œJoseph R. Biden Jr.â€ https://t.co/B1N2befdKA//Joseph R. Biden JrBarack ObamaDo the math//His name is Joseph R. Biden, Jr. That is how he signed. pic.twitter.com/QFGc0sDtrh//truly the best and brightest you got working for ya over there at the RNC//Okay, but Joseph R. Biden Jr. is longer than Barack Obama. pic.twitter.com/IZndU3BDxp//Is this supposed to be a distraction from the GOPâ€™s attempted overthrow of the duly elected government?//Nice to see the RNC is up to its usual standards when it comes to honesty. J-O-S-E-P-H-R-B-I-D-E-N-J-RB-A-R-A-C-K-O-B-A-M-A//Today I learned that the â€œRNC Researchâ€ section doesnâ€™t know that Joe is short for Joseph.//Names as they appear on official documentsJoseph R. Biden Jr. - 14 charactersBarack Obama - 11 characters//Today I learned that the â€œRNC Researchâ€ section doesnâ€™t know that Joe is short for Joseph.//The RNC Research team is either a bunch of third graders or a bunch of adults with the aptitude of third graders//[Me trying to comprehend how this can be an actual serious tweet from a major US political party] pic.twitter.com/zz83cwwdmM//Reporter, HuffPost//
Do you have information you want to share with HuffPost? 
    Hereâ€™s how.", 8.7%
