"â€˜He Liedâ€™: Iraqis Still Blame Colin Powell For Role In Iraq War", "BAGHDAD (AP) â€” For many Iraqis, the name Colin Powell conjures up one image: the man who as U.S. secretary of state went before the U.N. Security Council in 2003 to make the case for war against their country.//BAGHDAD (AP) â€” For many Iraqis, the name Colin Powell conjures up one image: the man who as U.S. secretary of state went before the U.N. Security Council in 2003 to make the case for war against their country.//Word of his death Monday at age 84 dredged up feelings of anger in Iraq toward the former general and diplomat, one of several Bush administration officials whom they hold responsible for a disastrous U.S.-led invasion that led to decades of death, chaos and violence in Iraq.//His U.N. testimony was a key part of events that they say had a heavy cost for Iraqis and others in the Middle East.//â€œHe lied, lied and lied,â€ said Maryam, a 51-year-old Iraqi writer and mother of two in northern Iraq who spoke on condition her last name not be used because one of her children is studying in the United States.//â€œHe lied, and we are the ones who got stuck with never-ending wars,â€ she added.//As chairman of the Joint Chiefs of Staff, Powell oversaw the Persian Gulf war to oust the Iraqi army in 1991 after Iraqi leader Saddam Hussein invaded Kuwait.//But Iraqis remember Powell more for his U.N. presentation justifying the invasion of their country more than a decade later by casting Saddam as a major global threat who possessed weapons of mass destruction, even displaying a vial of what he said could have been a biological weapon. Powell had called Iraqâ€™s claims that it had no such weapons â€œa web of lies.â€ No WMD were ever found, however, and the speech was later derided as a low point in his career.//â€œI am saddened by the death of Colin Powell without being tried for his crimes in Iraq. ... But I am sure that the court of God will be waiting for him,â€ tweeted Muntadher al-Zaidi, an Iraqi journalist who vented his outrage at the U.S. by throwing his shoes at then-President George W. Bush during a 2008 news conference in Baghdad.//In 2011, Powell told Al Jazeera he regretted providing misleading intelligence that led the U.S. invasion, calling it a â€œblot on my record.â€ He said a lot of sources cited by the intelligence community were wrong.//But in a 2012 interview with The Associated Press, Powell maintained that on balance, the U.S. â€œhad a lot of successesâ€ because â€œIraqâ€™s terrible dictator is gone.â€//Saddam was captured by U.S. forces while hiding in northern Iraq in December 2003 and later executed by the Iraqi government.//But the insurgency that emerged from the U.S. occupation grew into deadly sectarian violence that killed countless Iraqi civilians, and the war dragged on far longer than had been predicted by the Bush administration and eventually helped give rise to the Islamic State group. President Barack Obama pulled U.S. troops out of Iraq in 2011 but sent advisers back in three years later after the Islamic State group swept in from Syria and captured large swaths of both countries.//Powellâ€™s U.N. testimony â€œresulted in the deaths of tens of thousands of Iraqis. This blood is on his hands,â€ said Muayad al-Jashami, a 37-year old Iraqi who works with nongovernmental organizations.//While he did not suffer direct losses, al-Jashami said he continues to struggle with stress and panic attacks as a result of growing up with war, displacement, and years of terrorist bombings in the country.//Aqeel al-Rubai, 42, who owns a clothes and cosmetics shop in Baghdad, said he doesnâ€™t care if Powell regretted the faulty information he gave on WMD.//Al-Rubai, who lost his cousin in the war, also blames the U.S. for the death of his father, who had a close call during the sectarian blood-letting that followed the U.S. invasion, and later had a fatal heart attack.//â€œWhat does that remorse do for us? A whole country was destroyed, and we continue to pay the price,â€ he said. â€œBut I say may God have mercy on him.â€™//Elsewhere, Powell was remembered as â€œa towering figure in American military and political leadership over many years, someone of immense capability and integrity,â€ by former British Prime Minister Tony Blair, who backed the U.S. campaign and invasion.//German Foreign Minister Heiko Maas tweeted that Powell was a â€œstraight-talking foreign policy officialâ€ and a â€œtrans-Atlantic bridge-builder.â€//The Israeli Embassy in Washington praised Powell for his â€œcommitment to Israel and his deep personal connection to the Jewish community.â€//Mary Robinson, the former president of Ireland, said Powell was â€œa wonderful, moral man who was misled terribly in the context of the Iraq war before the Security Council.â€ Robinson heads The Elders, a group of retired world leaders.//But Maryam, the writer from northern Iraq, refuses to accept the idea that Powell may have been misled on Iraq.//â€œI donâ€™t believe that,â€ she added. â€œAnd anyway, when lives are at stake, you do not have that luxury.â€", 6.5%
"Trump Attacks Bush For Speaking Out On Sept. 11 Against Violent Extremists", "Reporter, HuffPost//Reporter, HuffPost//Donald Trump isnâ€™t very happy about the speech George W. Bush made on Sept. 11 condemning violent extremism here and abroad.//In fact, he went ballistic against his fellow former president in a statement released Monday in which he said the 43rd president â€œshouldnâ€™t be lecturing anybody.â€//Although Bush did draw a parallel between foreign and domestic extremists in Saturdayâ€™s speech, he did not explicitly mention the Jan. 6 riot at the U.S. Capitol by Trump supporters or Trump himself.//Still, Trump took it as a personal attack. So he hit back hard, pointing out that Bush is responsible â€œfor getting us into the quicksand of the Middle East (and then not winning!)â€//Trump then attacked Bush for lecturing that â€œterrorists on the â€˜rightâ€™ are a bigger problem than those from foreign countries that hate America, and that are pouring into our Country right now.â€//He added://â€œIf that is so, why was he willing to spend trillions of dollars and be responsible for the death of perhaps millions of people? He shouldnâ€™t be lecturing us about anything.â€//In his screed, Trump pointed out that the World Trade Center â€œcame downâ€ when Bush was president and accused his fellow Republican of leading â€œa failed and uninspiring presidency.â€//You can read the complete statement below://IMO Americaâ€™s bushwhacker.President Trumpâ€™s statement on GW Bush. pic.twitter.com/xF2G3JnlZb//Twitter uses weighed in on the snark session.//Interesting that when Bush condemns domestic extremists Trump assumes heâ€™s talking about him and lashes back.//And to be clear: Bush in his speech never explicitly mentioned â€œterrorists on the â€˜right.â€™â€ That is Trumpâ€™s description of what Bush said.//So Trump knew exactly who Bush was talking about when he equated domestic extremists to Al Qaeda. Interesting.//Bush should just call trump a loser low energy one-term failed president LOL//When Bush and Trump are feuding pic.twitter.com/r2Aq6XfsLp//Reporter, HuffPost//
Do you have information you want to share with HuffPost? 
    Hereâ€™s how.", 6.3%
"Trump Drops Big Hint About Presidential Run At Meeting With Manhattan Police", "Trends Reporter, HuffPost//Trends Reporter, HuffPost//Former President Donald Trump appeared to drop a major clue about his presidential campaign plans for 2024 Saturday when he skipped out on ceremonies marking the 20th anniversary of 9/11 and instead popped in on Manhattan police officers and firefighters.//Asked by one of the officers at the 17th Precinct near Trump Tower if he was going to run again, the former president teased: â€œOh, thatâ€™s a tough question.â€//Then he added: â€œActually, itâ€™s an easy question. I know what Iâ€™m going to do, but weâ€™re not supposed to be talking about it yet. ... But I think youâ€™re going to be very happy.â€//Trump said he was holding off on an announcement because of â€œcampaign finance laws, which, frankly are ridiculous.â€//The longer Trump delays declaring that heâ€™s a candidate, the longer he can continue to fundraise while dodging contribution reporting requirements.//NOW - Trump meeting with police officers in New York City on 9/11 pic.twitter.com/3paBFOdXBY//Trump has begun to look more and more like he may run. Last week he had a conference call with several members of his newly formed Faith Advisory Board of religious leaders, and ordered them to find more Catholic and Jewish votes for him.//He also has a political rally planned for Georgia late this month, and one in Iowa next month. //â€œGet ready for the longest presidential campaign in history,â€ quipped The Washington Post. //The glad-handing meeting at the precinct also looked like a campaign stop, as Trump hailed his â€œheroâ€ police officers, even after defending Jan. 6 insurrectionists who attacked police. â€œWe love the blue,â€ he claimed.//Twitter critics, meanwhile, came down hard on Trump for blowing off the nationâ€™s solemn tributes to 9/11 victims.//President Joe Biden and former Presidents Bill Clinton, George W. Bush and Barack Obama attended the somber name-reading ceremony of victims in Manhattan. First lady Jill Biden and former first ladies Hillary Clinton and Michelle Obama were also on the scene.//Bush, who was president when the attack occurred, spoke from the field in Shanksville, Pennsylvania, where Flight 93 crashed on Sept. 11, 2001, during a struggle between terrorists and passengers.//Bush attacked both foreign and domestic terrorists in his speech. â€œWe have seen growing evidence that the dangers to our country can come not only across borders, but from violence that gathers within,â€ he said. //Bush, who talked of the need for unity in Shanksville, also attended a ceremony in Washington, D.C.//A spokesperson for the 9/11 Memorial & Museum confirmed to The New York Times that Trump was invited to the ceremony at Ground Zero. But he opted to skip it, according to his spokesperson Liz Harrington.//He and his son Donald Trump Jr. instead were scheduled to provide commentary Saturday for a pay-per-view heavyweight fight between Evander Holyfield and Vitor Belfort at the Seminole Hard Rock Hotel in Hollywood, Florida. The former president reportedly boasted to friends he was going to make an â€œobsceneâ€ amount of money for his remarks.//Earlier he released a video statement bashing Biden for his handling of the troop pullout in Afghanistan.//Question: Where is Trump during the 9/11 anniversary ceremony?Answer: Preparing to do commentary for a boxing match in Florida. pic.twitter.com/tS2Sw63Dxf//Despite all his calls for patriotism, Donald Trump skipped the 9/11 memorial with the other former presidents yesterday. This should tell you all you need to know.//Bill Clinton, George W Bush, Barack Obama, Joe Biden were unified, in public, honoring our fallen on this 20th anniversary of 9/11. Jimmy Carter, age 96, honors them privately.Donald Trump will fake-announce a fake-boxing grift between a 58 yr old and a 44 yr old at a casino.//Trump spends the anniversary of 9/11 the same way he spent this day 20 years ago, with a publicity stunt to talk about himself.//President Biden, Obama and Clinton in New York attending 9/11 memorial eventsWhere is Trump?#September11 #NeverForget #NeverForget911  #11septembre2001 pic.twitter.com/j3TqXwbqxS//Donald Trumpâ€™s reaction on 9/11 - on the actual day - was to say he used to have the 2nd tallest tower in NY and it was now the tallest  pic.twitter.com/BAOS9acor0//Trends Reporter, HuffPost//
Do you have information you want to share with HuffPost? 
    Hereâ€™s how.", 6.2%
"Rep. Jim Jordan Rebuffs House Panel Interview On Jan. 6 Insurrection", "Republican Rep. Jim Jordan of Ohio, one of former President Donald Trumpâ€™s closest allies in Congress, on Sunday rejected a request for an interview by the House panel investigating the Jan. 6 Capitol insurrection.//Republican Rep. Jim Jordan of Ohio, one of former President Donald Trumpâ€™s closest allies in Congress, on Sunday rejected a request for an interview by the House panel investigating the Jan. 6 Capitol insurrection.//In a combative letter to committee chairman Bennie Thompson (D-Miss.), Jordan said, â€œThe American people are tired of Democratsâ€™ nonstop investigations and partisan witch hunts.â€//He said the interview request â€œamounts to an unprecedented and inappropriate demand to examine the basis for a colleagueâ€™s decision on a particular matter pending before the House of Representatives.â€//â€œThis request is far outside the bounds of any legitimate inquiry, violates core constitutional principles and would serve to further erode legislative norms,â€ he added.//Thompson told Jordan in a letter last month that the panel wants him to provide information surrounding his communications with Trump on Jan. 6 and Trumpâ€™s efforts to challenge the result of the 2020 election.//â€œWe understand that you had at least one and possibly multiple communications with President Trump on January 6th,â€ the letter read. â€œWe would like to discuss each such communication with you in detail.â€//In his response Sunday, Jordan insisted, â€œI have no relevant information that would assist the Select Committee in advancing any legitimate legislative purpose.â€//He accused Democrats of using the committee as â€œa partisan cudgel against their political adversaries.â€//Jordan is a staunch supporter of Trumpâ€™s false claims about voter fraud. The lawmaker brought those claims up during an October hearing on a motion to hold former White House chief strategist Steve Bannon in contempt for refusing to comply with a congressional subpoena.//In that hearing, Jordan admitted that he spoke with Trump on the day of the attack.//â€œOf course, I talked to the president,â€ Jordan told members of the Rules Committee, in response to questioning from the panelâ€™s chairman, Rep. Jim McGovern, D-Mass. â€œI talked to him that day. Iâ€™ve been clear about that. I donâ€™t recall the number of times, but itâ€™s not about me. I know you want to make it about that.â€//The panel is also seeking information regarding Jordanâ€™s meeting with Trump and members of his administration in November and December 2020, and in early January 2021, â€œabout strategies for overturning the results of the 2020 election.â€ Thompsonâ€™s letter said the committee is also interested in any discussions Jordan may have had during that time regarding the possibility of presidential pardons for people involved in any aspect of the Capitol attack or the planning for the two rallies that took place that day.//
Do you have information you want to share with HuffPost? 
    Hereâ€™s how.", 4.5%
"Fox News Host Has Some Blunt Talk For Trump: 'You Have To Learn To Lose'", "Overnight Editor, HuffPost//Overnight Editor, HuffPost//Former President Donald Trump received a dose of truth from an unexpected place on Sunday: Fox News.//â€œIn life, you have to learn to lose,â€ the networkâ€™s Brian Kilmeade told â€œMedia Buzzâ€ host Howie Kurtz when asked about Trumpâ€™s complaints of the 2020 election.//â€œHillary Clinton has to learn that,â€ Kilmeade added. â€œAl Gore pretty much did learn that. Stacey Abrams didnâ€™t learn that.â€//Later in the segment, Kurtz noted that Clinton did concede her election loss, something Trump has yet to do. //Kilmeade, one of the hosts of â€œFox & Friends,â€ also bluntly dismissed Trumpâ€™s cries of election fraud, telling him to put up or shut up. //â€œIf you did, in fact, get screwed out of this election, put together an A-team list of lawyers â€• not the ones we witnessed â€• and show us the districts and show us how,â€ Kilmeade said. â€œI have not seen any of that.â€//See their full conversation below:  //Brian @Kilmeade says Jan. 6 was "the worst day in Republican history," but that even if Trump "did in fact get screwed out of this election,â€ he needs to show us the proof and it isn't helping him or the country to keep talking about it #Mediabuzz https://t.co/olW3e0wxw8//Overnight Editor, HuffPost//
Do you have information you want to share with HuffPost? 
    Hereâ€™s how.", 3.4%
"Watch Tom Brady Defy Coaches To Do Rob Gronkowski A Solid", "General Assignment Reporter, HuffPost//General Assignment Reporter, HuffPost//Tom Brady isnâ€™t afraid to show his coaches whoâ€™s boss. (Watch the video below.)//The Tampa Bay Buccaneers quarterback was apparently supposed to remain off the field late in his teamâ€™s game Sunday against the Carolina Panthers. The Bucs were ahead by 14 points, and keeping the star in made little sense with the playoffs starting next week.//But Brady appeared to tell the staff that he was still playing â€• and the reason was to help tight end Rob Gronkowski earn $1 million in bonuses.//Gronk, Bradyâ€™s pal and winner of four Super Bowls with the quarterback (who has won seven overall), reached the season yardage minimum of 750 yards for a $500,000 incentive earlier in the game. But he required one more reception to reach 55, a milestone that would secure an additional $500,000, For the Win noted.//Brady then completed a short pass to Gronk, and his regular-season work was done. CBS noted the financial motivation behind the play in its broadcast://Tom Brady didn't want to get out of the game until he got Rob Gronkowski one more reception for a $500K incentive. pic.twitter.com/B3HdJnf0E8//Reserve QB Blaine Gabbert immediately came into the game.//The Bucs won, 41-17, and will host Philadelphia in a playoff game on Sunday.//Gronk, for what itâ€™s worth, finished the regular season with 55 receptions and 802 yards. But he lost out on another $1 million bonus because he fell three touchdown catches short of his bonus goal of nine, NBC noted.//Still six figures richer, Gronk promised to take teammates out for dinner.//Dinner on @RobGronkowski ğŸ‘ pic.twitter.com/2nmUIOYbjS//General Assignment Reporter, HuffPost", 18.1%
"Donald Trump Reportedly Dialed Sean Hannity Into Oval Office Meetings", "Trends Reporter, HuffPost//Trends Reporter, HuffPost//Former President Donald Trump and his Fox News influencers were so joined at the hip that he even dialed Sean Hannity and Lou Dobbs into Oval Office meetings, according to an unidentified former senior administration official, The Washington Post reported Sunday.//A â€œlot of itâ€ concerned public relations â€” â€œwhat he should be saying and how he should be saying it; he should be going harder against wearing masks or whatever,â€ Trumpâ€™s former press secretary Stephanie Grisham told the Post, apparently confirming the information.//According to Grisham, Trump frequently consulted with Hannity and Fox News host Jeanine Pirro.//â€œThere were times the president would come down [in the] morning and say, â€˜Well, Sean thinks we should do this,â€™ or, â€˜Judge Jeanine thinks we should do this,â€™â€ said Grisham. She described Hannity on CNN last Thursday as Trumpâ€™s â€œshadow adviser,â€ who counseled him on â€œmany, many things.â€//Jeff Cohen, author of â€œCable News Confidential,â€ slammed the relationship as a violation of public trust by Fox hosts because viewers have no idea how close they are to Trump and are under the impression there is some objectivity to their on-air reports. //The startlingly close relationship between a sitting president and what the Post called a â€œCable Cabinetâ€ of members of a right-wing news operation was underscored by the multiple texts released last month by the House select committee investigating the Jan, 6 insurrection.//As last yearâ€™s Jan. 6 violence unfolded in the U.S. Capitol, Fox News hosts Laura Ingraham, Brian Kilmeade and Hannity all texted then-White House chief of staff Mark Meadows, pleading with him to press Trump to intervene to stop the siege. They all later downplayed the insurrection on Fox News, or even blamed the attack on the building on Antifa or members of the Black Lives Matter.//It was one of the few times Trump wasnâ€™t listening to his Fox News brain trust. It took him more than three hours on Jan. 6 to speak out against the violence.//â€œHe canâ€™t mention the election again. Ever,â€ Hannity texted Meadows days after the insurrection. â€œI did not have a good call with him today.â€//But Trump enthusiastically embraced just about every other â€œfantasticalâ€ Fox favorite, including support for now-disgraced attorney Sidney Powell, who repeatedly pitched wildly baseless claims of election fraud, informal Trump adviser Michael Pillsbury told the Post.//Trumpâ€™s Fox pals could suddenly â€œcompletely change his mind on something,â€ said his former communications director Alyssa Farah Griffin, and the staff would have to scramble to do damage control.//Hannity wielded clout even during Trumpâ€™s 2016 campaign, calling Republican National Committee Chairwoman Ronna McDaniel to complain about strategy, according to the Post.//The first time then-Speaker of the House Rep. Paul Ryan (R-Wis.) met the president-elect at Trump Tower in December 2016, Hannity called mid-meeting, reported Post journalists Bob Woodward and Robert Costa in their book â€œPeril.â€ //Trump â€œanswered the call as Ryan and his advisers sat silent. â€˜Yeah, Iâ€™m here with Paul,â€™ Trump told Hannity. â€™Oh? You want to talk with him?â€™â€//Trump put the call on speakerphone and said: â€œSean, talk to Paul,â€ which he did for about seven minutes, according to â€œPeril.â€ //Check out the full Washington Post story here.//Trends Reporter, HuffPost//
Do you have information you want to share with HuffPost? 
    Hereâ€™s how.", 3.9%
"John Oliver Is Suddenly Very Angry About 1 Key Point In The â€˜Da Vinci Code'", "Overnight Editor, HuffPost//Overnight Editor, HuffPost//â€œLast Week Tonightâ€ is on hiatus, but John Oliver reemerged on YouTube over the weekend with a new segment explaining why â€œThe Da Vinci Codeâ€ makes him so mad. //It has to do with the incredibly simple puzzle at the heart of both the â€œstupid, stupid bookâ€ and film. //â€œNo one should need Robert Langdon, a Harvard-educated puzzle-solver who fucks, to get to the bottom of this,â€ Oliver declared. â€œA child could solve that puzzle!â€//Just check out Oliverâ€™s reaction to the big reveal: //So, whatâ€™s this very basic puzzle with a solution a child could figure out? //Watch the full segment://â€œLast Week Tonightâ€ returns to HBO in February.//Overnight Editor, HuffPost", 8.2%
"Dozens Rescued From Wisconsin Ice Floe That Broke Free From Shore", "Trends Reporter, HuffPost//Trends Reporter, HuffPost//Thirty-four people were rescued in Wisconsin over the weekend after an ice floe suddenly broke free from the shore of Green Bay while they were ice fishing.//The large sheet of ice had floated about a mile from shore by the time everyone was saved on Saturday â€• nearly two hours after the rescue operation was launched by the Brown County Sheriffâ€™s Office, New Franken Fire, Green Bay Fire, Wisconsin Department of Natural Resources and the Coast Guard. It took rescue boats several trips back and forth to collect everyone.//No one was injured and no one required medical attention, though the sheriffâ€™s office called the situation â€œextremely dangerous.â€ //â€œAlthough the chunk of ice remained fairly stable, its condition was deteriorating rapidly (and) cracking up as it moved with the open water pounding at the edge of it,â€ the sheriffâ€™s office said in a statement.//The sheriffâ€™s office initially reported that 27 people had been rescued, but later raised that number to 34.//Although ice is typically solid along the shore in January, a passing barge â€œmay have disruptedâ€ it, said Lt. John Bain. //Shane Nelson and his friend Robert Verhagen told WLUK Fox 11 that they were ice fishing for the first time ever and heard what sounded like a large gunshot when the ice cracked.//â€œWe thought it was interesting, got out of our shanty, took a look and people were yelling on the ice weâ€™re separating,â€ said Nelson.//â€œDidnâ€™t catch any fish, ran out of propane early and got stranded on the ice,â€ he added.//Trends Reporter, HuffPost", 11.0%
"Bush Condemns Domestic And Foreign Extremism On 20th Anniversary Of 9/11 Attacks", "Reporter, HuffPost//Reporter, HuffPost//Former President George W. Bush drew a parallel between foreign and domestic extremists in his speech to mark the 20th anniversary of the 9/11 attacks from Shanksville, Pennsylvania, on Saturday. He condemned both equally.//â€œWe have seen growing evidence that the dangers to our country can come not only across borders, but from violence that gathers within,â€ Bush said from the field where Flight 93 crashed on Sept. 11, 2001, amid a struggle between terrorists and passengers.//â€œThere is little cultural overlap between violent extremists abroad and violent extremists at home,â€ Bush said, â€œbut in their disdain for pluralism, in their disregard for human life, in their determination to defile national symbols, they are children of the same foul spirit, and it is our continuing duty to confront them.â€//While Bush did not explicitly touch on the Jan. 6 Capitol riots, his speech inevitably invoked the domestic attack on the seat of American political power that was spurred on by one of his successors, President Donald Trump.//Domestic extremism proliferated in the years after the 9/11 attacks as much of Americaâ€™s resources â€• as directed under the Bush administration and the subsequent Obama administration â€• were focused instead on the threat of international terrorism. The FBI now considers domestic extremism a top threat to national security. //Trump was conspicuously absent from the events where current and former U.S. leaders gathered to mark the historic occasion. He is expected to provide commentary for a boxing match in Florida later on Saturday. //President Joe Biden and first lady Jill Biden spent the morning in downtown Manhattan at the former site of the World Trade Center towers to hear the names of the more than 2,000 people who perished there read aloud.//They were joined by former President Barack Obama and first lady Michelle Obama, former President Bill Clinton and former Secretary of State Hillary Clinton, Senate Majority Leader Chuck Schumer (D-N.Y.), House Speaker Nancy Pelosi (D-Calif.), New York Gov. Kathy Hochul (D), New York City Mayor Bill de Blasio (D), and a large contingent of elected officials either from New York or serving in the Biden administration. A ceremony was also held at the Pentagon. //In Pennsylvania, Bush was joined by Vice President Kamala Harris to commemorate those lost in the terrorist attacks and to remark upon the ways they altered the world. //â€œTwenty years ago, we all found in different ways, in different places, but all at the same moment that our lives would be changed forever,â€ Bush began his speech. He said later that â€œthe security measures incorporated into our lives are both sources of comfort and reminders of our vulnerability.â€//The 20th anniversary of the 9/11 attacks has prompted nationwide reflection on the great lengths that have been taken ostensibly to protect Americans â€• from the wars in Afghanistan and Iraq to the Patriot Act and the National Security Agencyâ€™s massive program of domestic surveillance.//Both Bush and Harris remarked on the unity that emerged in the hours and days after the attacks took nearly 3,000 lives. Bush also spoke critically of the current political environment that â€œturns every disagreement into an argument and every argument into a clash of cultures.â€//â€œSo much of our politics has become a naked appeal to anger, fear and resentment,â€ he said, going on to highlight moments of grace seen 20 years ago that better represent â€œthe nation I know.â€ //Biden also traveled to Shanksville himself Saturday afternoon and offered praise of Bushâ€™s speech. //â€œThe core of who we are is not divided,â€ Biden said. //Bush had concluded his remarks by addressing American service members directly, telling them, â€œyou have been a force for good in the world.â€//â€œNothing that has followed â€• nothing â€• can tarnish your honor or diminish your accomplishments,â€ he said, not two weeks after Biden completed a chaotic withdrawal of U.S. troops in Afghanistan, ending the nationâ€™s longest war.//Reporter, HuffPost//
Do you have information you want to share with HuffPost? 
    Hereâ€™s how.", 8.4%
"George W. Bush Urges Safe Haven For Afghan Refugees, Shares 'Deep Sadness'", "Breaking News Reporter, HuffPost//Breaking News Reporter, HuffPost//Former President George W. Bush on Monday urged the U.S. to begin immediately welcoming refugees from Afghanistan following the collapse of the countryâ€™s government and takeover by the Taliban, saying â€œthe Afghans now at the greatest risk are the same ones who have been on the forefront of progress inside their nation.â€//â€œThe United States government has the legal authority to cut the red tape for refugees during urgent humanitarian crises,â€ he said in a statement. â€œAnd we have the responsibility and the resources to secure safe passage for them now, without bureaucratic delay.â€//Bush â€” who in 2001 launched a â€œwar on terrorâ€ in Afghanistan and then an invasion of Iraq using false and misleading narratives â€” added that he and his wife, former first lady Laura Bush, remain optimistic and confident about Americaâ€™s ability to safely evacuate Afghan citizens, even as they watch the events unfolding â€œwith deep sadness.â€//â€œLike our country, Afghanistan is also made up of resilient, vibrant people. Nearly 65 percent of the population is under twenty-five years old,â€ the former president said. â€œThe choices they will make for opportunity, education, and liberty will also determine Afghanistanâ€™s future.â€//Statement on Afghanistan by President George W. Bush and Mrs. Laura Bush. pic.twitter.com/IRkgrDQSs4//Bush launched the 20-year war in Afghanistan, Americanâ€™s longest, as a means to remove the terror organization al Qaeda, which had taken sanctuary in Afghanistan under the militant Taliban regime, following the 9/11 terror attacks. Shortly after invading the country, Bush also sent troops to Iraq to remove its president, Saddam Hussein â€• one of Bushâ€™s earliest goals upon taking office â€• under the false premise that he was harboring weapons of mass destruction.//Karl Rove, who served as senior adviser and deputy chief of staff to Bush during his presidency, said Monday that his former boss and the former first lady are â€œdeeply upsetâ€ about the Talibanâ€™s immediate takeover and Afghanistanâ€™s expected return to an oppressive Islamic rule of law.//â€œFor 20 years, Laura Bush has hosted groups of Afghan women who came into the United States after beginning to taste freedom in their own country in order to learn about the opportunities that were available to women all around the world. And the idea that the Taliban is going to somehow allow that to continue is absolutely ridiculous,â€ Rove said in an interview with Fox News.//President Joe Biden announced late Monday that he has allocated $500 million in additional funding to help relocate Afghan refugees, as well as provide Special Immigrant Visas.//Evacuating Afghanistan has not been easy, however.//Staff and top officials were swiftly pulled from the U.S. Embassy in Kabul on Sunday, and flights were suspended at the Hamid Karzai International Airport on Monday due to swarms of people blocking the tarmac in a desperate attempt to escape. The airport is one of a few places in the country that remained controlled by U.S. troops, allowing for an escape route.//Seven people were reportedly killed in the airport chaos, including individuals who fell from a departing U.S. military transport jet. Similar evacuation attempts were being made on the ground at the countryâ€™s border, which is now controlled by the Taliban.//Breaking News Reporter, HuffPost//
Do you have information you want to share with HuffPost? 
    Hereâ€™s how.", 12.3%
"Ex-Bush Aide Gives Chilling Reality Check About Continued GOP Capitulation To Trump", "Reporter, HuffPost//Reporter, HuffPost//Peter Wehner warns of more U.S. Capitol riot-style political violence should the GOP continue regurgitating ex-President Donald Trumpâ€™s 2020 election lies.//Wehner wrote in The Atlantic this week that â€œpolitical violence will become more acceptable and more prevalent on the American rightâ€ if the Republican Party â€œdoesnâ€™t counteract these lies rather than indulge them.â€//The GOP remains â€œfully in Trumpâ€™s thrall, with its leadership more committed than ever to spreading his foundational lies and conspiracy theories,â€ said Wehner, who served in the administrations of Presidents Ronald Reagan, George H.W. Bush and George W. Bush and was a fervent critic of Trump throughout his one term in office.//Some elected Republicans â€œwho initially reacted with horrorâ€ to the deadly U.S. Capitol riot that was incited by Trump were â€œnow making their peace with it,â€ he wrote. And thatâ€™s â€œwhere things really get dangerous.â€//â€œThe repetition of the lies not only causes tens of millions of Americans to embrace them; over time, it deforms their moral sensibility,â€ wrote Wehner. â€œIt creates an inversion of ethics, what in philosophy is known as the â€˜transvaluation of values,â€™ in which lies become truth and unjust acts are seen as righteous.â€//â€œBelieving the deceptions also becomes a form of virtue signaling, a validation of oneâ€™s loyalty to others in oneâ€™s political tribe,â€ he concluded. â€œIn this case, of course, what weâ€™re dealing with is not just any lie; itâ€™s a particularly destructive one, among the most dangerous a democracy can face. It erodes confidence in our elections, the rule of law, and our system of government.â€//Read his full piece here.//Reporter, HuffPost//
Do you have information you want to share with HuffPost? 
    Hereâ€™s how.", 10.3%
"George W. Bush Is Now Deeply Concerned About The Spread Of 'Untruths'", "Washington Bureau Chief, HuffPost//Washington Bureau Chief, HuffPost//Reporter, HuffPost//President George W. Bush, the man whose administration pushed false statements to draw America into war with Iraq, said he is very concerned about the lies people spread on social media.//In an interview with NBCâ€™s â€œTodayâ€ show on Tuesday morning, Bush expressed disgust with some Republicans who were unwilling to accept the results of the 2020 presidential election, saying they made him â€œsick.â€//â€œWhatâ€™s really troubling is how much misinformation there is and the capacity of people to spread all kinds of untruth,â€ he said. â€œAnd I donâ€™t know what we are going to do about that. I know what I am doing about it. I donâ€™t do Twitter, Facebook or any of that stuff.â€//Todayâ€™s social media environment did not exist during the Bush years. But Bush and his administration found plenty of ways to spread misinformation and â€œuntruthsâ€ nevertheless, most notably while trying to push the country into supporting their invasion of Iraq. //The Bush administration said that Saddam Hussein had a â€œmassive stockpileâ€ of biological weapons, reconstituted a nuclear program and had ties to al Qaeda â€• even though officials had intelligence to the contrary and knew those claims were false. They didnâ€™t need social media to get those lies out to the public.//In a speech to Congress making the case for war, Bush infamously pushed false information that Hussein, â€œsought significant quantities of uranium from Africa.â€ After this falsehood was rebutted by Ambassador Joe Wilson in a New York Times opinion article, high-ranking Bush administration officials retaliated by exposing Wilsonâ€™s then-wife Valerie Plame as a CIA agent, blowing her cover, compromising CIA operations and forcing her retirement.//Bushâ€™s foreign policy team was notorious for pushing misleading and false narratives in the press to advance the administrationâ€™s war aims. National security adviser Condoleezza Rice notably declared that war was urgently needed: â€œWe donâ€™t want the smoking gun to be a mushroom cloud.â€//A 2008 report from the Center for Public Integrity identified 935 lies that the Bush administration told in the run-up to the Iraq War.//The Bush administrationâ€™s lies were not limited to the selling of the Iraq War. Bush and his administration also lied about the U.S. torture program they initiated, the existence of â€œblack sitesâ€ where detainees were tortured, the rendition of detainees to foreign countries that practiced the most barbaric forms of torture, and the mental and physical torture and murder committed by U.S. soldiers and contractors in prisons in Iraq and Afghanistan. They lied about their wiretapping program. They lied about the safety of the fumes after the 9/11 terrorist attacks on the World Trade Center and their effect on first responders.//Itâ€™s not as though Bush and his advisers were unaware of what they were doing. In 2004, journalist Ron Suskind, in The New York Times Magazine, quoted a conversation he had with an unnamed Bush administration official who boasted about the untruths they were spreading://The aide said that guys like me were â€œin what we call the reality-based community,â€ which he defined as people who â€œbelieve that solutions emerge from your judicious study of discernible reality.â€ I nodded and murmured something about enlightenment principles and empiricism. He cut me off. â€œThatâ€™s not the way the world really works anymore,â€ he continued. â€œWeâ€™re an empire now, and when we act, we create our own reality. And while youâ€™re studying that reality â€• judiciously, as you will â€• weâ€™ll act again, creating other new realities, which you can study too, and thatâ€™s how things will sort out. Weâ€™re historyâ€™s actors . . . and you, all of you, will be left to just study what we do.â€//This disdain for the â€œreality-based communityâ€ became a meme among liberals opposed to Bush.//Comedian Stephen Colbert launched the first episode of his satirical show â€œThe Colbert Reportâ€ on Comedy Central in 2005 with a rant in the style of former Fox News opinion host Bill Oâ€™Reilly in favor of â€œtruthiness,â€ the reality that feels true whether it is true or not.//Colbert would go on to lampoon Bushâ€™s penchant for falsehood to his face at the 2006 White House Correspondentsâ€™ Dinner.//â€œNow, I know there are some polls out there saying that this man has a 32% approval rating,â€ Colbert said. â€œBut guys like us, we donâ€™t pay attention to the polls. We know that polls are just a collection of statistics that reflect what people are thinking in â€˜reality.â€™ And reality has a well-known liberal bias.â€//When viewed from 2021, in the wake of the Trump administration, Colbertâ€™s White House Correspondentsâ€™ Dinner routine reads as it could be an eery warning from the future. But Colbert was just commenting on the occupant of the White House at that moment.//Bushâ€™s newfound opposition to untruths is itself a reemergence of his truthiness. He doesnâ€™t feel, in his gut, that he worked to counterbalance the â€œreality-based communityâ€ with falsity, but it was Bushâ€™s mendacious rule that paved the path for Trumpâ€™s.//Washington Bureau Chief, HuffPost//Reporter, HuffPost//
Do you have information you want to share with HuffPost? 
    Hereâ€™s how.", 6.8%
"Former Bush Aide's Slam Of Biden Press Conference Turns Into Self-Own", "Reporter, HuffPost//Reporter, HuffPost//Former White House press secretary Ari Fleischer attempted to slam President Joe Bidenâ€™s press conference on Thursday, but only managed a major-league self-own.//Fleischer, who served under former President George W. Bush, had a problem with Biden bringing notes to the media, apparently thinking ensuring accurate information was a good thing.//After griping about it, Fleischer added this misspelled rhetorical question: â€œIs he really that week that he needs a study guide?â€ (sic)//Are you kidding me?  Biden is flipping through a typed, multi-page document, which i bet are Qs & As.  I've never seen a POTUS bring one of those to a news conference. Is he really that week that he needs a study guide?//Twitter users immediately pointed out the many flaws in Fleischerâ€™s tweet.//Which is worse. Having notes for a press conference or lying the country into a 20 year war like your boss did? https://t.co/sk3TEsHWJu//You're right, a president should enter a press conference the same way America entered Iraq: with absolutely zero plan https://t.co/2s6YbbRldC//Fair pointLet's use the presidential podium to ponder ingesting bleach instead https://t.co/WolxgYpruU//Yes, Ari, no executive has ever used notes or readaheads to prepare for an engagement. You should absolutely die on this proverbial hill and you are so right, man. Speak your truth. https://t.co/ZKGt9YqPS5//Maybe I'm being a partisan here, but I'm okay with the Presidency being an open book test. https://t.co/oiOUmjmpub//One user pointed out that Biden is by no means the first president to rely on notes during a press conference.//Pat Buchanan used to prepare Nixon's briefing book; he got a note from the president after one press conference congratulating him on correctly anticipating every question asked. Nixon asked if next time Buchanan would please leave out the questions the press wasn't going to ask. https://t.co/0zbItNo8Ks//Others piled on Fleischer for misspelling the word â€œweak.â€//Being prepared is how you do things like not misspell 'weak.' https://t.co/la0Gw0GzSi//My favorite genre of hubris on this website is when people land on the wrong homophone while questioning someone's mental acuity or intelligence."Is he really that week" is up there with the trolling staple of "your stupid." https://t.co/fQqw6jVUA3//Pro Tip: If you can't spell "weak," don't accuse other people of needing "a study guide." https://t.co/HEpuJ88SzR//Reporter, HuffPost//
Do you have information you want to share with HuffPost? 
    Hereâ€™s how.", 10.6%
"George W. Bush: 'Sick To My Stomach' Watching Capitol Riot", "Senior Reporter, HuffPost//Senior Reporter, HuffPost//Former President George W. Bush said he was â€œdisgustedâ€ and â€œsick to his stomachâ€ as he watched the Jan. 6 insurrection at the Capitol unfold.//Bush made the comments in an interview with The Texas Tribune on Feb. 24 as part of the SXSW 2021 festival, which was streamed online on Thursday.//â€œI was sick to my stomach ... to see our nationâ€™s Capitol being stormed by hostile forces,â€ the former president said during the interview. â€œAnd it really disturbed me to the point where I did put out a statement, and Iâ€™m still disturbed when I think about it.â€//He continued: â€œIt undermines rule of law and the ability to express yourself in peaceful ways in the public square. ... This was an expression that was not peaceful.â€//Members of that mob are still being identified and charged in the deadly insurrection, which began as a pro-Donald Trump mob stormed the Capitol building, angered by the former presidentâ€™s lie that the election was stolen from him. There is no evidence to back up such claims, and top election officials have repeatedly declared the 2020 race as the most secure in American history.//During the SXSW interview, Bush was pressed on whether he, too, thought the election was stolen.//â€œNo,â€ he replied. â€œWhatâ€™s putting democracy at risk is the capacity to get on the internet to spread ... all kinds of stuff. ... But checks and balances work.â€//He continued: â€œLook, politics has always been rough ... And right now weâ€™re at a period of time, though, when thereâ€™s a lot of anger in the system, which then causes people to worry about the future of our democracy. I think itâ€™s going to eventually work its way out of the system.â€//Bush was one of the first Republicans to congratulate now-President Joe Biden on his electoral victory in November. After the riot in January, he released a statement saying the attack, which left five people dead, was â€œsickeningâ€ and blamed those who had helped spread lies after the election for fanning the flames of insurrection.//â€œThe violent assault on the Capitol â€” and disruption of a constitutionally mandated meeting of Congress â€” was undertaken by people whose passions have been inflamed by falsehoods and false hopes,â€ he said in January.//In the interview that aired Thursday, Bush expressed hope that the forces that helped compel the insurrectionists would begin to diminish over time.//â€œHistory and the United States has shown these populist movements begin to fritter over time, and so Iâ€™m optimistic about democracy.â€//Senior Reporter, HuffPost//
Do you have information you want to share with HuffPost? 
    Hereâ€™s how.", 6.6%
"Trump Wax Figure Moved In Texas Because People Kept Punching It In The Face", "Overnight Editor, HuffPost//Overnight Editor, HuffPost//A wax figure of former President Donald Trump was removed from display at Louis Tussaudâ€™s Waxworks in San Antonio, Texas, because customers kept punching and scratching it. //â€œWeâ€™ve always had trouble with the presidential section because no matter what president it was â€” Bush, Obama or Trump â€” theyâ€™ve all had people beat them,â€ Clay Stewart, regional manager for Ripley Entertainment, told the San Antonio Express-News. Ripleyâ€™s owns the Waxworks.//Stewart told the newspaper that the Trump figure was beaten badly enough to leave deep marks on its waxy face, necessitating its move to storage.//A post shared by Ripley's Believe It or Not! (@ripleyssanantonio)//A figure of former President Barack Obama lost its ears six times, and former President George W. Bushâ€™s figureâ€™s nose was punched in, Stewart said. //â€œPeople are just aggressive about their political party,â€ he commented.//Ripleyâ€™s made three Trump figures in 2016 for its various attractions around the nation, saying each one took its sculptors about six weeks to craft. //â€œJust as in real life, the wax Trump is polling at about 50% â€“ loved by some Ripleyâ€™s visitors, loathed by others,â€ the company said in a news release at the time. //Ripleyâ€™s is currently working on wax likenesses of President Joe Biden. //One visitor said in a YouTube video tour that the figures in the San Antonio museum â€œlook maybe 30-40% like the celebrities or famous people that theyâ€™re trying to mimicâ€ and compared the Trump figure to actor Mickey Rourke: //Overnight Editor, HuffPost", 5.3%
"Presidents Obama, Bush, Clinton And Carter Promote COVID-19 Vaccine In New Ad", "Trends Reporter, HuffPost//Trends Reporter, HuffPost//Former Presidents Barack Obama, Bill Clinton, George W. Bush and Jimmy Carter appeared together in a new ad encouraging people to get the COVID-19 vaccine when it becomes available to them. //â€œThis vaccine means hope,â€ Obama says in the video. â€œIt will protect you and those you love from this dangerous and deadly disease.â€//The ad then highlights what the former presidents miss about their lives prior to the pandemic. //â€œI want to go back to work, and I want to be able to move around,â€ Clinton says. //Obama notes his desire to visit with Michelle Obamaâ€™s mother, Marian Robinson: â€œTo hug her and see her on her birthday.â€ //â€œWhat Iâ€™m really looking forward to is going to opening day in Texas Rangers stadium with a full stadium,â€ says Bush. //The video later shows clips of each president getting vaccinated, along with former first ladies Michelle Obama, Laura Bush, Rosalynn Carter and Hillary Clinton. //Carter can be heard in the video saying, â€œIâ€™m getting vaccinated because we want this pandemic to end as soon as possible.â€//Watch former Presidents @BarackObama, @TheBushCenter, @BillClinton & @CarterCenter talk about the reasons they got vaccinated against COVID-19 in this historic PSA created in partnership with the @theCOVIDCollabâ€”get the facts about the COVID-19 vaccines at https://t.co/t2SrUQgYKQ pic.twitter.com/Kc0Uv9rb8S//The video was made by the nonprofit Ad Council in partnership with the COVID collaborative, an assembly of public health experts and professionals in the education and economic fields.//Noticeably absent from the video is former President Donald Trump, and former First Lady Melania Trump. Several news outlets reported earlier this month that both Donald and Melania Trump quietly received the vaccine in January.//When asked about the Trumpsâ€™ absence, a spokesperson for the Ad Council told Reuters that one of the ads was filmed on Jan. 20, when Joe Biden was inaugurated, an event the Trumps skipped. //The spokesperson also noted that the organization was pleased that Trump had recently urged Americans to get vaccinated, Reuters reported. He encouraged people to get their â€œshotâ€ during a speech at the Conservative Political Action Conference in Orlando on Feb. 28.//In another video published by Ad Council on Thursday, Bush, Obama and Clinton are seen together urging viewers to get vaccinated. The video appears to have been filmed during the same time frame as another previously released video that showed the presidents calling for unity in the U.S. That video aired on Inauguration Day. //Biden, who publicized his vaccination in December to help instill confidence about the vaccine, announced earlier this month that the U.S. will have enough vaccine supply for all adults by the end of May. //Vice President Kamala Harris also publicized her vaccination in December. //â€œI want to encourage everyone to get the vaccine,â€ she told reporters after being inoculated. â€œIt is relatively painless, it happens really quickly, it is safe.â€ //She later added, â€œItâ€™s literally about saving lives... I trust the scientists.â€//Three weeks ago, I announced we would have enough vaccine supply for all Americans by the end of July.Now, with our efforts to ramp up production, we will have enough vaccines for every American by the end of May.//A HuffPost Guide To Coronavirus//As COVID-19 cases rise, itâ€™s more important than ever to remain connected and informed. Join the HuffPost community today. (Itâ€™s free!)//Trends Reporter, HuffPost//
Do you have information you want to share with HuffPost? 
    Hereâ€™s how.", 8.7%
"MSNBCâ€™s Nicolle Wallace Reveals What Now â€˜Terrifiesâ€™ Her About The GOP", "Reporter, HuffPost//Reporter, HuffPost//MSNBCâ€™s Nicolle Wallace on Monday told â€œLate Showâ€ host Stephen Colbert what really scares her about the Republican Party following its capitulation to former President Donald Trump.//Wallace, who served as White House communications director under former President George W. Bush, described herself as a â€œself-loathing former Republican.â€ She lamented how the GOP today isnâ€™t even trying to spin events and is now just built on a foundation of B.S.//â€œThey are so far from the truth that you can no longer have a conversation with them about how to solve anything because they donâ€™t agree on what the problems are, and that terrifies me,â€ the â€œDeadline: White Houseâ€ anchor said.//Watch the full interview here://Reporter, HuffPost//
Do you have information you want to share with HuffPost? 
    Hereâ€™s how.", 8.9%
"Ex-Bush Speechwriter Laments What The GOP Has Become Under Donald Trump", "Reporter, HuffPost//Reporter, HuffPost//In a new column for The Washington Post, Michael Gerson, a former speechwriter for ex-President George W. Bush, explored Donald Trumpâ€™s â€œpoisonous legaciesâ€ and argued that the GOP is now â€œjust the party of white grievance.â€//Trumpâ€™s presidency, and his divisive and violent rhetoric, helped â€œexpand the boundaries of expressible prejudice,â€ Gerson wrote.//â€œThrough the explicit practice of White-identity politics, Trump has obviated the need for code words and dog whistles,â€ he added.//The Republican Party has been â€œswiftly repositioned as an instrument of white grievance,â€ Gerson continued, noting its refusal to â€œcondemn racists within its congressional ranksâ€ and how the partyâ€™s â€œmain national legislative agenda seems to be the suppression of minority voting.â€//Read the full editorial here.//Reporter, HuffPost//
Do you have information you want to share with HuffPost? 
    Hereâ€™s how.", 6.3%
